Date,Close,Open,High,Low,Volume,Change%
2024-12-02,0.6685,0.66725,0.67075,0.66335,,0.18%
2024-12-01,0.6673,0.6683,0.66885,0.66635,,-0.04%
2024-11-29,0.6676,0.6598,0.669,0.6597,,1.18%
2024-11-28,0.6598,0.6619,0.6626,0.6578,,-0.29%
2024-11-27,0.6617,0.6531,0.6646,0.6525,,1.32%
2024-11-26,0.6531,0.6485,0.6536,0.6472,,0.72%
2024-11-25,0.6484,0.6483,0.6512,0.6461,,0.36%
2024-11-22,0.6461,0.647,0.6494,0.645,,-0.14%
2024-11-21,0.647,0.6433,0.6497,0.6433,,0.58%
2024-11-20,0.6433,0.6465,0.6471,0.6414,,-0.49%
2024-11-19,0.6465,0.6464,0.6524,0.6459,,0.00%
2024-11-18,0.6465,0.6475,0.65,0.6436,,-0.22%
2024-11-15,0.6479,0.6398,0.6499,0.6379,,1.25%
2024-11-14,0.6399,0.6432,0.6437,0.6392,,-0.51%
2024-11-13,0.6432,0.6467,0.6479,0.6424,,-0.54%
2024-11-12,0.6467,0.6505,0.6518,0.6454,,-0.58%
2024-11-11,0.6505,0.6549,0.6551,0.6495,,-0.70%
2024-11-08,0.6551,0.6538,0.6572,0.652,,0.20%
2024-11-07,0.6538,0.6466,0.6549,0.6463,,1.10%
2024-11-06,0.6467,0.6595,0.6609,0.6462,,-1.94%
2024-11-05,0.6595,0.6573,0.6608,0.6553,,0.35%
2024-11-04,0.6572,0.6536,0.6599,0.6533,,0.57%
2024-11-01,0.6535,0.6577,0.6588,0.653,,-0.64%
2024-10-31,0.6577,0.6518,0.6586,0.651,,0.91%
2024-10-30,0.6518,0.652,0.6545,0.6514,,-0.03%
2024-10-29,0.652,0.6523,0.6546,0.6498,,-0.05%
2024-10-28,0.6523,0.6563,0.6564,0.6498,,-0.65%
2024-10-25,0.6566,0.6586,0.6602,0.6561,,-0.30%
2024-10-24,0.6586,0.6547,0.6598,0.6543,,0.61%
2024-10-23,0.6546,0.6619,0.6621,0.6527,,-1.10%
2024-10-22,0.6619,0.6629,0.6645,0.6612,,-0.15%
2024-10-21,0.6629,0.669,0.6707,0.6627,,-0.85%
2024-10-18,0.6686,0.6656,0.6695,0.6653,,0.44%
2024-10-17,0.6657,0.6682,0.67,0.6651,,-0.37%
2024-10-16,0.6682,0.6702,0.6717,0.6673,,-0.30%
2024-10-15,0.6702,0.6677,0.6718,0.6673,,0.37%
2024-10-14,0.6677,0.6705,0.6707,0.6665,,-0.40%
2024-10-11,0.6704,0.673,0.6738,0.6698,,-0.39%
2024-10-10,0.673,0.6697,0.674,0.6685,,0.49%
2024-10-09,0.6697,0.6747,0.6756,0.6693,,-0.76%
2024-10-08,0.6748,0.6748,0.6787,0.6738,,0.00%
2024-10-07,0.6748,0.6723,0.6763,0.6705,,0.37%
2024-10-04,0.6723,0.6805,0.6853,0.671,,-1.20%
2024-10-03,0.6805,0.6827,0.6836,0.6791,,-0.32%
2024-10-02,0.6827,0.6965,0.6972,0.6825,,-1.98%
2024-10-01,0.6965,0.6961,0.6994,0.6917,,0.06%
2024-09-30,0.6961,0.703,0.7059,0.6946,,-1.01%
2024-09-27,0.7032,0.6905,0.7038,0.6825,,1.82%
2024-09-26,0.6906,0.6907,0.6939,0.6885,,-0.03%
2024-09-25,0.6908,0.6981,0.6997,0.6904,,-1.05%
2024-09-24,0.6981,0.6962,0.6987,0.691,,0.26%
2024-09-23,0.6963,0.6947,0.6985,0.6922,,0.22%
2024-09-20,0.6948,0.7011,0.7055,0.6919,,-0.90%
2024-09-19,0.7011,0.7027,0.7048,0.6946,,-0.24%
2024-09-18,0.7028,0.7021,0.712,0.7006,,0.10%
2024-09-17,0.7021,0.7111,0.7126,0.7018,,-1.27%
2024-09-16,0.7111,0.7105,0.7164,0.7095,,0.15%
2024-09-13,0.71,0.705,0.7128,0.7048,,0.71%
2024-09-12,0.705,0.7024,0.7056,0.6989,,0.37%
2024-09-11,0.7024,0.7019,0.7106,0.7015,,0.07%
2024-09-10,0.7019,0.6985,0.7032,0.6957,,0.52%
2024-09-09,0.6983,0.7031,0.7044,0.6953,,-0.63%
2024-09-06,0.7027,0.697,0.7053,0.6947,,0.82%
2024-09-05,0.697,0.6957,0.7,0.6931,,0.19%
2024-09-04,0.6957,0.6873,0.6958,0.6869,,1.21%
2024-09-03,0.6874,0.6806,0.6888,0.6793,,1.01%
2024-09-02,0.6805,0.684,0.686,0.6793,,-0.51%
2024-08-30,0.684,0.6897,0.6913,0.6836,,-0.83%
2024-08-29,0.6897,0.6916,0.6933,0.6869,,-0.25%
2024-08-28,0.6914,0.6944,0.6959,0.6893,,-0.43%
2024-08-27,0.6944,0.6919,0.6948,0.6887,,0.36%
2024-08-26,0.6919,0.6933,0.6971,0.6913,,-0.09%
2024-08-23,0.6925,0.6836,0.6942,0.6825,,1.32%
2024-08-22,0.6835,0.6884,0.6904,0.6823,,-0.68%
2024-08-21,0.6882,0.6884,0.6922,0.682,,-0.03%
2024-08-20,0.6884,0.6821,0.6887,0.6785,,0.94%
2024-08-19,0.682,0.6772,0.6888,0.6754,,0.68%
2024-08-16,0.6774,0.6698,0.6776,0.6695,,1.15%
2024-08-15,0.6697,0.6787,0.68,0.6693,,-1.33%
2024-08-14,0.6787,0.681,0.6846,0.6776,,-0.34%
2024-08-13,0.681,0.6793,0.6821,0.6758,,0.25%
2024-08-12,0.6793,0.6815,0.6816,0.6745,,-0.38%
2024-08-09,0.6819,0.6789,0.6836,0.6764,,0.44%
2024-08-08,0.6789,0.6817,0.6876,0.6776,,-0.41%
2024-08-07,0.6817,0.6927,0.6929,0.676,,-1.60%
2024-08-06,0.6928,0.6936,0.6962,0.6831,,-0.09%
2024-08-05,0.6934,0.6825,0.7057,0.6822,,1.61%
2024-08-02,0.6824,0.6694,0.683,0.6676,,1.93%
2024-08-01,0.6695,0.6666,0.6733,0.6627,,0.42%
2024-07-31,0.6667,0.6544,0.6684,0.6504,,1.85%
2024-07-30,0.6546,0.6492,0.6551,0.6441,,0.83%
2024-07-29,0.6492,0.6501,0.6535,0.6478,,-0.20%
2024-07-26,0.6505,0.6495,0.653,0.6461,,0.15%
2024-07-25,0.6495,0.6497,0.6581,0.6479,,-0.03%
2024-07-24,0.6497,0.6426,0.6531,0.641,,1.10%
2024-07-23,0.6426,0.6367,0.6428,0.6365,,0.91%
2024-07-22,0.6368,0.6351,0.6398,0.6344,,0.32%
2024-07-19,0.6348,0.6354,0.6371,0.6333,,-0.09%
2024-07-18,0.6354,0.6403,0.6436,0.6352,,-0.75%
2024-07-17,0.6402,0.6314,0.6407,0.6304,,1.39%
2024-07-16,0.6314,0.6326,0.6329,0.6294,,-0.22%
2024-07-15,0.6328,0.6333,0.6362,0.6312,,-0.08%
2024-07-12,0.6333,0.6296,0.6354,0.6271,,0.59%
2024-07-11,0.6296,0.6186,0.6352,0.6181,,1.81%
2024-07-10,0.6184,0.6197,0.6201,0.6178,,-0.23%
2024-07-09,0.6198,0.6217,0.6221,0.619,,-0.31%
2024-07-08,0.6217,0.6222,0.6239,0.6205,,-0.06%
2024-07-05,0.6221,0.6201,0.6236,0.6195,,0.34%
2024-07-04,0.62,0.6184,0.6213,0.6183,,0.27%
2024-07-03,0.6183,0.6193,0.6219,0.6171,,-0.16%
2024-07-02,0.6193,0.6191,0.62,0.618,,0.00%
2024-07-01,0.6193,0.6215,0.6224,0.6181,,-0.37%
2024-06-28,0.6216,0.622,0.6239,0.62,,-0.06%
2024-06-27,0.622,0.6217,0.6239,0.6216,,0.05%
2024-06-26,0.6217,0.6261,0.6265,0.6215,,-0.70%
2024-06-25,0.6261,0.6265,0.6281,0.6257,,-0.06%
2024-06-24,0.6265,0.6256,0.6296,0.6252,,0.13%
2024-06-21,0.6257,0.6292,0.6302,0.6255,,-0.56%
2024-06-20,0.6292,0.6325,0.6332,0.6291,,-0.52%
2024-06-19,0.6325,0.6335,0.6345,0.6324,,-0.13%
2024-06-18,0.6333,0.6339,0.6348,0.6318,,-0.09%
2024-06-17,0.6339,0.6354,0.6363,0.633,,-0.22%
2024-06-14,0.6353,0.6367,0.6374,0.6317,,-0.22%
2024-06-13,0.6367,0.638,0.6386,0.6354,,-0.20%
2024-06-12,0.638,0.6365,0.6421,0.635,,0.24%
2024-06-11,0.6365,0.6367,0.6377,0.635,,-0.03%
2024-06-10,0.6367,0.638,0.6381,0.6361,,-0.20%
2024-06-07,0.638,0.6425,0.6446,0.6365,,-0.70%
2024-06-06,0.6425,0.6406,0.6436,0.6391,,0.31%
2024-06-05,0.6405,0.6457,0.646,0.6389,,-0.79%
2024-06-04,0.6456,0.6405,0.647,0.6389,,0.80%
2024-06-03,0.6405,0.6356,0.6412,0.6349,,0.77%
2024-05-31,0.6356,0.6376,0.6387,0.6353,,-0.31%
2024-05-30,0.6376,0.6343,0.6395,0.6342,,0.54%
2024-05-29,0.6342,0.6363,0.6372,0.6337,,-0.33%
2024-05-28,0.6363,0.6374,0.6386,0.6361,,-0.17%
2024-05-27,0.6374,0.6367,0.6383,0.6367,,0.08%
2024-05-24,0.6369,0.6371,0.6376,0.6362,,-0.05%
2024-05-23,0.6372,0.6378,0.6388,0.6361,,-0.09%
2024-05-22,0.6378,0.6402,0.6405,0.6375,,-0.39%
2024-05-21,0.6403,0.6399,0.6416,0.6387,,0.06%
2024-05-20,0.6399,0.6426,0.6431,0.6396,,-0.37%
2024-05-17,0.6423,0.6435,0.6441,0.6409,,-0.19%
2024-05-16,0.6435,0.6456,0.651,0.6428,,-0.33%
2024-05-15,0.6456,0.6393,0.6464,0.6387,,0.99%
2024-05-14,0.6393,0.6402,0.6404,0.6378,,-0.12%
2024-05-13,0.6401,0.6421,0.6428,0.6397,,-0.31%
2024-05-10,0.6421,0.6432,0.644,0.6413,,-0.17%
2024-05-09,0.6432,0.643,0.6445,0.6411,,0.03%
2024-05-08,0.643,0.6464,0.6469,0.6423,,-0.53%
2024-05-07,0.6464,0.6497,0.6499,0.646,,-0.51%
2024-05-06,0.6497,0.6541,0.6544,0.6492,,-0.60%
2024-05-03,0.6536,0.6507,0.6585,0.6501,,0.43%
2024-05-02,0.6508,0.6454,0.6533,0.6398,,0.56%
2024-05-01,0.6472,0.6336,0.6528,0.6327,,2.13%
2024-04-30,0.6337,0.6395,0.6407,0.6334,,-0.92%
2024-04-29,0.6396,0.6333,0.6471,0.6248,,1.28%
2024-04-26,0.6315,0.6425,0.6452,0.6311,,-1.70%
2024-04-25,0.6424,0.6438,0.6443,0.6419,,-0.20%
2024-04-24,0.6437,0.6458,0.6462,0.6435,,-0.33%
2024-04-23,0.6458,0.6457,0.647,0.6456,,0.00%
2024-04-22,0.6458,0.6466,0.6473,0.6455,,-0.12%
2024-04-19,0.6466,0.6466,0.651,0.6465,,0.00%
2024-04-18,0.6466,0.6477,0.6495,0.6462,,-0.17%
2024-04-17,0.6477,0.6463,0.6486,0.646,,0.22%
2024-04-16,0.6463,0.6481,0.6497,0.6459,,-0.28%
2024-04-15,0.6481,0.6531,0.6536,0.6473,,-0.64%
2024-04-12,0.6523,0.6524,0.6553,0.6518,,-0.02%
2024-04-11,0.6524,0.6527,0.6546,0.6521,,-0.06%
2024-04-10,0.6528,0.6589,0.6592,0.6525,,-0.91%
2024-04-09,0.6588,0.6587,0.6597,0.658,,0.03%
2024-04-08,0.6586,0.6598,0.6598,0.658,,-0.14%
2024-04-05,0.6595,0.6607,0.663,0.6588,,-0.18%
2024-04-04,0.6607,0.6591,0.6617,0.6587,,0.23%
2024-04-03,0.6592,0.6598,0.6603,0.658,,-0.09%
2024-04-02,0.6598,0.6594,0.6602,0.6586,,0.06%
2024-04-01,0.6594,0.6609,0.6612,0.6588,,-0.17%
2024-03-29,0.6605,0.6605,0.6615,0.66,,0.00%
2024-03-28,0.6605,0.6608,0.6616,0.6598,,-0.05%
2024-03-27,0.6608,0.6598,0.6621,0.6579,,0.17%
2024-03-26,0.6597,0.6604,0.6613,0.6595,,-0.11%
2024-03-25,0.6604,0.6602,0.662,0.6598,,0.02%
2024-03-22,0.6603,0.6594,0.6622,0.6584,,0.12%
2024-03-21,0.6595,0.6611,0.6655,0.6586,,-0.23%
2024-03-20,0.661,0.6627,0.6634,0.6583,,-0.29%
2024-03-19,0.6629,0.6704,0.671,0.6623,,-1.12%
2024-03-18,0.6704,0.6711,0.6715,0.6696,,-0.07%
2024-03-15,0.6709,0.6741,0.6755,0.6702,,-0.47%
2024-03-14,0.6741,0.6767,0.6782,0.6739,,-0.38%
2024-03-13,0.6767,0.677,0.6792,0.6753,,-0.06%
2024-03-12,0.6771,0.6805,0.682,0.6749,,-0.50%
2024-03-11,0.6805,0.6799,0.6826,0.6793,,0.10%
2024-03-08,0.6798,0.6754,0.6826,0.6751,,0.65%
2024-03-07,0.6754,0.6695,0.6776,0.6693,,0.91%
2024-03-06,0.6693,0.6664,0.6707,0.6662,,0.44%
2024-03-05,0.6664,0.6643,0.668,0.6637,,0.32%
2024-03-04,0.6643,0.6662,0.6673,0.6637,,-0.27%
2024-03-01,0.6661,0.6667,0.6668,0.6633,,-0.09%
2024-02-29,0.6667,0.6636,0.6702,0.6635,,0.47%
2024-02-28,0.6636,0.6644,0.665,0.6629,,-0.11%
2024-02-27,0.6643,0.6635,0.6663,0.6634,,0.12%
2024-02-26,0.6635,0.6645,0.6653,0.6628,,-0.12%
2024-02-23,0.6643,0.6642,0.6653,0.6631,,0.00%
2024-02-22,0.6643,0.6652,0.6666,0.6635,,-0.15%
2024-02-21,0.6653,0.6666,0.6673,0.6648,,-0.20%
2024-02-20,0.6666,0.666,0.668,0.6646,,0.09%
2024-02-19,0.666,0.6662,0.6672,0.6656,,0.06%
2024-02-16,0.6656,0.667,0.6674,0.6637,,-0.21%
2024-02-15,0.667,0.6641,0.6687,0.6639,,0.45%
2024-02-14,0.664,0.6632,0.6651,0.663,,0.15%
2024-02-13,0.663,0.6696,0.6699,0.6626,,-0.99%
2024-02-12,0.6696,0.67,0.6714,0.6689,,-0.01%
2024-02-09,0.6697,0.6696,0.6711,0.6684,,0.00%
2024-02-08,0.6697,0.6748,0.6759,0.6688,,-0.76%
2024-02-07,0.6748,0.6759,0.6773,0.6742,,-0.16%
2024-02-06,0.6759,0.6725,0.6765,0.6718,,0.51%
2024-02-05,0.6725,0.6739,0.6744,0.6714,,-0.21%
2024-02-02,0.6739,0.6828,0.6838,0.6729,,-1.30%
2024-02-01,0.6828,0.6807,0.6854,0.6796,,0.31%
2024-01-31,0.6807,0.6775,0.6848,0.676,,0.47%
2024-01-30,0.6775,0.6779,0.6798,0.6758,,-0.04%
2024-01-29,0.6778,0.6751,0.6791,0.6741,,0.44%
2024-01-26,0.6748,0.6773,0.6783,0.6745,,-0.35%
2024-01-25,0.6772,0.6779,0.6798,0.6759,,-0.10%
2024-01-24,0.6779,0.674,0.6818,0.6738,,0.59%
2024-01-23,0.6739,0.6751,0.6803,0.6723,,-0.18%
2024-01-22,0.6751,0.6744,0.6774,0.6741,,0.03%
2024-01-19,0.6749,0.675,0.6764,0.6719,,0.00%
2024-01-18,0.6749,0.6749,0.6772,0.6741,,0.00%
2024-01-17,0.6749,0.6792,0.6799,0.6731,,-0.63%
2024-01-16,0.6792,0.6861,0.6868,0.6787,,-0.99%
2024-01-15,0.686,0.69,0.6902,0.685,,-0.58%
2024-01-12,0.69,0.6882,0.6927,0.6869,,0.25%
2024-01-11,0.6883,0.6861,0.6884,0.6828,,0.34%
2024-01-10,0.686,0.6921,0.6929,0.6855,,-0.88%
2024-01-09,0.6921,0.6932,0.6972,0.6913,,-0.17%
2024-01-08,0.6933,0.6915,0.696,0.6899,,0.29%
2024-01-05,0.6913,0.6914,0.6953,0.6849,,0.00%
2024-01-04,0.6913,0.6978,0.7,0.6902,,-0.93%
2024-01-03,0.6978,0.7042,0.7049,0.6956,,-0.92%
2024-01-02,0.7043,0.7098,0.7101,0.703,,-0.77%
2024-01-01,0.7098,0.71,0.71,0.7097,,0.13%
2023-12-29,0.7089,0.7071,0.7102,0.7046,,0.27%
2023-12-28,0.707,0.705,0.713,0.705,,0.28%
2023-12-27,0.705,0.7022,0.7064,0.7,,0.40%
2023-12-26,0.7022,0.7026,0.7037,0.701,,-0.03%
2023-12-25,0.7024,0.7021,0.7035,0.7014,,0.06%
2023-12-22,0.702,0.7036,0.7048,0.7008,,-0.23%
2023-12-21,0.7036,0.6965,0.704,0.6964,,1.03%
2023-12-20,0.6964,0.6952,0.698,0.6939,,0.17%
2023-12-19,0.6952,0.7001,0.7029,0.6897,,-0.74%
2023-12-18,0.7004,0.7035,0.7038,0.6984,,-0.41%
2023-12-15,0.7033,0.7048,0.707,0.7019,,-0.21%
2023-12-14,0.7048,0.6998,0.7093,0.6997,,0.71%
2023-12-13,0.6998,0.6875,0.701,0.6848,,1.79%
2023-12-12,0.6875,0.6841,0.6908,0.6839,,0.50%
2023-12-11,0.6841,0.6903,0.6905,0.6821,,-0.83%
2023-12-08,0.6898,0.6938,0.7018,0.6885,,-0.59%
2023-12-07,0.6939,0.6787,0.7056,0.6787,,2.22%
2023-12-06,0.6788,0.6795,0.6807,0.6777,,-0.10%
2023-12-05,0.6795,0.6792,0.6823,0.6783,,0.03%
2023-12-04,0.6793,0.6814,0.6838,0.6778,,-0.25%
2023-12-01,0.681,0.6747,0.6818,0.674,,0.93%
2023-11-30,0.6747,0.6791,0.681,0.6733,,-0.65%
2023-11-29,0.6791,0.678,0.6818,0.6759,,0.16%
2023-11-28,0.678,0.6725,0.6787,0.6717,,0.82%
2023-11-27,0.6725,0.669,0.6732,0.668,,0.51%
2023-11-24,0.6691,0.6686,0.6702,0.6679,,0.07%
2023-11-23,0.6686,0.6687,0.6716,0.6679,,0.00%
2023-11-22,0.6686,0.6738,0.6755,0.6676,,-0.77%
2023-11-21,0.6738,0.6739,0.6795,0.6729,,-0.01%
2023-11-20,0.6739,0.6681,0.6752,0.6666,,0.85%
2023-11-17,0.6682,0.6634,0.6702,0.6631,,0.72%
2023-11-16,0.6634,0.6606,0.6654,0.66,,0.42%
2023-11-15,0.6606,0.665,0.6664,0.6601,,-0.65%
2023-11-14,0.6649,0.659,0.666,0.6586,,0.88%
2023-11-13,0.6591,0.66,0.6613,0.658,,-0.12%
2023-11-10,0.6599,0.6607,0.6612,0.6595,,-0.12%
2023-11-09,0.6607,0.6623,0.6632,0.6604,,-0.24%
2023-11-08,0.6623,0.665,0.6651,0.6618,,-0.39%
2023-11-07,0.6649,0.6663,0.6669,0.6634,,-0.21%
2023-11-06,0.6663,0.6693,0.67,0.6662,,-0.45%
2023-11-03,0.6693,0.6646,0.6702,0.6643,,0.69%
2023-11-02,0.6647,0.6624,0.6673,0.6623,,0.35%
2023-11-01,0.6624,0.659,0.6637,0.659,,0.49%
2023-10-31,0.6592,0.6706,0.671,0.6588,,-1.70%
2023-10-30,0.6706,0.6687,0.672,0.6669,,0.34%
2023-10-27,0.6683,0.6649,0.669,0.6647,,0.53%
2023-10-26,0.6648,0.6657,0.6671,0.6631,,-0.11%
2023-10-25,0.6655,0.667,0.6676,0.6652,,-0.22%
2023-10-24,0.667,0.6679,0.6697,0.6668,,-0.13%
2023-10-23,0.6679,0.6676,0.6686,0.6665,,0.10%
2023-10-20,0.6672,0.6675,0.6678,0.6663,,-0.06%
2023-10-19,0.6676,0.6669,0.6681,0.6665,,0.10%
2023-10-18,0.6669,0.6674,0.6689,0.6666,,-0.07%
2023-10-17,0.6674,0.6688,0.6701,0.6669,,-0.21%
2023-10-16,0.6688,0.6689,0.6695,0.6675,,0.03%
2023-10-13,0.6686,0.6675,0.6691,0.6673,,0.16%
2023-10-12,0.6675,0.6703,0.6713,0.6671,,-0.42%
2023-10-11,0.6703,0.6724,0.6737,0.6694,,-0.31%
2023-10-10,0.6724,0.6734,0.6749,0.6704,,-0.15%
2023-10-09,0.6734,0.6708,0.6737,0.67,,0.57%
2023-10-06,0.6696,0.6733,0.674,0.6686,,-0.55%
2023-10-05,0.6733,0.6705,0.6744,0.6705,,0.40%
2023-10-04,0.6706,0.671,0.6723,0.6696,,-0.06%
2023-10-03,0.671,0.6672,0.6784,0.6657,,0.57%
2023-10-02,0.6672,0.6689,0.6691,0.6669,,-0.31%
2023-09-29,0.6693,0.6697,0.6732,0.6687,,-0.06%
2023-09-28,0.6697,0.6682,0.6704,0.6682,,0.21%
2023-09-27,0.6683,0.6708,0.6717,0.6677,,-0.37%
2023-09-26,0.6708,0.6715,0.6724,0.6701,,-0.12%
2023-09-25,0.6716,0.674,0.6745,0.6711,,-0.34%
2023-09-22,0.6739,0.6776,0.6779,0.6735,,-0.53%
2023-09-21,0.6775,0.6741,0.6787,0.6735,,0.50%
2023-09-20,0.6741,0.6763,0.6781,0.6739,,-0.33%
2023-09-19,0.6763,0.6775,0.6779,0.6757,,-0.16%
2023-09-18,0.6774,0.6768,0.6776,0.6762,,0.16%
2023-09-15,0.6763,0.678,0.6787,0.6756,,-0.27%
2023-09-14,0.6781,0.6781,0.6801,0.6775,,0.00%
2023-09-13,0.6781,0.6799,0.6801,0.6768,,-0.26%
2023-09-12,0.6799,0.6821,0.6828,0.6789,,-0.32%
2023-09-11,0.6821,0.6801,0.6853,0.6789,,0.83%
2023-09-08,0.6765,0.6788,0.6821,0.6761,,-0.35%
2023-09-07,0.6789,0.6772,0.68,0.6762,,0.25%
2023-09-06,0.6772,0.6768,0.6801,0.6764,,0.04%
2023-09-05,0.6769,0.6826,0.683,0.6765,,-0.84%
2023-09-04,0.6826,0.6839,0.6848,0.6823,,-0.16%
2023-09-01,0.6837,0.687,0.6923,0.6833,,-0.48%
2023-08-31,0.687,0.6838,0.6879,0.6837,,0.48%
2023-08-30,0.6837,0.6854,0.687,0.6821,,-0.25%
2023-08-29,0.6854,0.6823,0.6864,0.6784,,0.44%
2023-08-28,0.6824,0.6829,0.6836,0.6814,,-0.07%
2023-08-25,0.6829,0.6857,0.6862,0.6818,,-0.39%
2023-08-24,0.6856,0.6904,0.6915,0.685,,-0.68%
2023-08-23,0.6903,0.6853,0.6918,0.6853,,0.71%
2023-08-22,0.6854,0.684,0.6873,0.683,,0.20%
2023-08-21,0.684,0.688,0.6889,0.6829,,-0.54%
2023-08-18,0.6877,0.6855,0.6899,0.6854,,0.31%
2023-08-17,0.6856,0.6832,0.6867,0.6822,,0.34%
2023-08-16,0.6833,0.6868,0.6881,0.6829,,-0.52%
2023-08-15,0.6869,0.6869,0.6891,0.6854,,-0.01%
2023-08-14,0.687,0.6896,0.6912,0.6868,,-0.39%
2023-08-11,0.6897,0.6909,0.6924,0.6893,,-0.16%
2023-08-10,0.6908,0.6957,0.6978,0.6904,,-0.70%
2023-08-09,0.6957,0.6974,0.6993,0.6953,,-0.23%
2023-08-08,0.6973,0.7018,0.7022,0.6967,,-0.61%
2023-08-07,0.7016,0.7052,0.7066,0.7011,,-0.52%
2023-08-04,0.7053,0.7013,0.7064,0.6998,,0.56%
2023-08-03,0.7014,0.6976,0.7039,0.6948,,0.53%
2023-08-02,0.6977,0.6976,0.703,0.6969,,0.01%
2023-08-01,0.6976,0.7026,0.7031,0.6965,,-0.73%
2023-07-31,0.7027,0.7091,0.7107,0.7007,,-0.79%
2023-07-28,0.7083,0.717,0.7242,0.7082,,-1.21%
2023-07-27,0.717,0.7131,0.7206,0.7074,,0.55%
2023-07-26,0.7131,0.7097,0.7146,0.7082,,0.46%
2023-07-25,0.7098,0.7068,0.7099,0.7054,,0.41%
2023-07-24,0.7069,0.7058,0.7104,0.7051,,0.26%
2023-07-21,0.7051,0.7138,0.7155,0.7043,,-1.22%
2023-07-20,0.7138,0.7158,0.7188,0.7116,,-0.28%
2023-07-19,0.7158,0.7202,0.7206,0.7141,,-0.62%
2023-07-18,0.7203,0.7208,0.7262,0.7185,,-0.06%
2023-07-17,0.7207,0.7206,0.7245,0.7172,,0.00%
2023-07-14,0.7207,0.7245,0.7285,0.7184,,-0.50%
2023-07-13,0.7243,0.7219,0.725,0.7195,,0.32%
2023-07-12,0.722,0.7124,0.7237,0.7121,,1.36%
2023-07-11,0.7123,0.7076,0.7134,0.7068,,0.66%
2023-07-10,0.7076,0.7032,0.7078,0.6992,,0.55%
2023-07-07,0.7037,0.6939,0.7038,0.6933,,1.40%
2023-07-06,0.694,0.6912,0.6966,0.6911,,0.39%
2023-07-05,0.6913,0.6921,0.694,0.6907,,-0.13%
2023-07-04,0.6922,0.691,0.6934,0.6909,,0.16%
2023-07-03,0.6911,0.6926,0.6945,0.6898,,-0.25%
2023-06-30,0.6928,0.6907,0.6934,0.6892,,0.30%
2023-06-29,0.6907,0.6921,0.6938,0.6899,,-0.19%
2023-06-28,0.692,0.6942,0.6957,0.6913,,-0.30%
2023-06-27,0.6941,0.6968,0.6979,0.6933,,-0.37%
2023-06-26,0.6967,0.6965,0.6995,0.6957,,0.13%
2023-06-23,0.6958,0.6987,0.7004,0.6946,,-0.42%
2023-06-22,0.6987,0.7047,0.7061,0.6979,,-0.87%
2023-06-21,0.7048,0.7068,0.7078,0.702,,-0.30%
2023-06-20,0.7069,0.7042,0.7081,0.7029,,0.38%
2023-06-19,0.7042,0.7052,0.707,0.7038,,-0.11%
2023-06-16,0.705,0.7127,0.715,0.7046,,-1.07%
2023-06-15,0.7126,0.7138,0.7145,0.7065,,-0.17%
2023-06-14,0.7138,0.7132,0.7179,0.7128,,0.10%
2023-06-13,0.7131,0.7163,0.7193,0.7126,,-0.45%
2023-06-12,0.7163,0.7173,0.7191,0.7154,,-0.17%
2023-06-09,0.7175,0.7198,0.7207,0.7155,,-0.31%
2023-06-08,0.7197,0.7136,0.7204,0.713,,0.85%
2023-06-07,0.7136,0.7161,0.7192,0.7128,,-0.35%
2023-06-06,0.7161,0.7165,0.7189,0.7141,,-0.04%
2023-06-05,0.7164,0.7142,0.7181,0.7118,,0.28%
2023-06-02,0.7144,0.7204,0.7214,0.7138,,-0.85%
2023-06-01,0.7205,0.7176,0.7222,0.7143,,0.40%
2023-05-31,0.7176,0.7152,0.7182,0.7122,,0.34%
2023-05-30,0.7152,0.7119,0.7164,0.7094,,0.46%
2023-05-29,0.7119,0.7108,0.7137,0.7096,,0.13%
2023-05-26,0.711,0.714,0.7168,0.7104,,-0.42%
2023-05-25,0.714,0.717,0.7203,0.7129,,-0.42%
2023-05-24,0.717,0.7214,0.7234,0.7168,,-0.64%
2023-05-23,0.7216,0.7214,0.7233,0.7198,,0.03%
2023-05-22,0.7214,0.7245,0.7273,0.7208,,-0.46%
2023-05-19,0.7247,0.7207,0.7276,0.7207,,0.54%
2023-05-18,0.7208,0.7263,0.7283,0.7206,,-0.74%
2023-05-17,0.7262,0.7331,0.7336,0.7261,,-0.94%
2023-05-16,0.7331,0.7346,0.7369,0.7314,,-0.20%
2023-05-15,0.7346,0.7374,0.7374,0.7334,,-0.29%
2023-05-12,0.7367,0.7433,0.744,0.7364,,-0.86%
2023-05-11,0.7431,0.7442,0.7477,0.7415,,-0.15%
2023-05-10,0.7442,0.7394,0.7456,0.738,,0.65%
2023-05-09,0.7394,0.7401,0.7422,0.7387,,-0.09%
2023-05-08,0.7401,0.7416,0.7426,0.739,,-0.19%
2023-05-05,0.7415,0.7446,0.7469,0.7399,,-0.40%
2023-05-04,0.7445,0.7423,0.749,0.7412,,0.28%
2023-05-03,0.7424,0.7322,0.7424,0.7319,,1.38%
2023-05-02,0.7323,0.7272,0.7336,0.7257,,0.70%
2023-05-01,0.7272,0.7337,0.7342,0.727,,-0.87%
2023-04-28,0.7336,0.7464,0.7497,0.7321,,-1.71%
2023-04-27,0.7464,0.748,0.7505,0.745,,-0.23%
2023-04-26,0.7481,0.7477,0.7518,0.7465,,0.04%
2023-04-25,0.7478,0.7448,0.7497,0.7434,,0.39%
2023-04-24,0.7449,0.7457,0.7468,0.7419,,-0.05%
2023-04-21,0.7453,0.7449,0.7487,0.7433,,0.05%
2023-04-20,0.7449,0.7422,0.7462,0.7408,,0.36%
2023-04-19,0.7422,0.7456,0.7465,0.7399,,-0.44%
2023-04-18,0.7455,0.7437,0.747,0.7423,,0.27%
2023-04-17,0.7435,0.7471,0.7478,0.7429,,-0.52%
2023-04-14,0.7474,0.7543,0.7565,0.7469,,-0.91%
2023-04-13,0.7543,0.751,0.7574,0.7495,,0.44%
2023-04-12,0.751,0.7481,0.7533,0.7459,,0.40%
2023-04-11,0.748,0.7483,0.752,0.7472,,-0.04%
2023-04-10,0.7483,0.7568,0.7585,0.7468,,-1.11%
2023-04-07,0.7567,0.7587,0.7603,0.7553,,-0.28%
2023-04-06,0.7588,0.7615,0.7646,0.758,,-0.35%
2023-04-05,0.7615,0.7592,0.7654,0.7583,,0.30%
2023-04-04,0.7592,0.7551,0.7603,0.7508,,0.54%
2023-04-03,0.7551,0.7519,0.7564,0.7475,,0.29%
2023-03-31,0.7529,0.7537,0.7542,0.7483,,-0.12%
2023-03-30,0.7538,0.7526,0.7563,0.7519,,0.16%
2023-03-29,0.7526,0.764,0.7647,0.7524,,-1.48%
2023-03-28,0.7639,0.76,0.7668,0.7597,,0.50%
2023-03-27,0.7601,0.766,0.7662,0.7587,,-0.64%
2023-03-24,0.765,0.7644,0.7712,0.7637,,0.09%
2023-03-23,0.7643,0.7607,0.7673,0.7594,,0.49%
2023-03-22,0.7606,0.7546,0.7633,0.7517,,0.81%
2023-03-21,0.7545,0.7614,0.7631,0.7538,,-0.91%
2023-03-20,0.7614,0.7547,0.766,0.7537,,0.38%
2023-03-17,0.7585,0.7477,0.7601,0.7474,,1.46%
2023-03-16,0.7476,0.7496,0.7591,0.7469,,-0.25%
2023-03-15,0.7495,0.7449,0.7563,0.7399,,0.60%
2023-03-14,0.745,0.7506,0.7517,0.7411,,-0.75%
2023-03-13,0.7506,0.7409,0.7559,0.7405,,1.34%
2023-03-10,0.7407,0.7344,0.7456,0.7298,,0.86%
2023-03-09,0.7344,0.728,0.7355,0.7279,,0.88%
2023-03-08,0.728,0.729,0.7327,0.725,,-0.15%
2023-03-07,0.7291,0.7355,0.7377,0.7287,,-0.88%
2023-03-06,0.7356,0.7359,0.7387,0.7341,,-0.04%
2023-03-03,0.7359,0.731,0.7366,0.731,,0.67%
2023-03-02,0.731,0.7342,0.7351,0.7292,,-0.44%
2023-03-01,0.7342,0.734,0.7393,0.7327,,0.03%
2023-02-28,0.734,0.7339,0.7366,0.7301,,0.01%
2023-02-27,0.7339,0.7325,0.7357,0.7322,,0.16%
2023-02-24,0.7327,0.7422,0.7459,0.7323,,-1.28%
2023-02-23,0.7422,0.7413,0.7435,0.7386,,0.15%
2023-02-22,0.7411,0.7406,0.7442,0.7404,,0.07%
2023-02-21,0.7406,0.7447,0.7454,0.7394,,-0.58%
2023-02-20,0.7449,0.7452,0.7467,0.7432,,-0.05%
2023-02-17,0.7453,0.7465,0.7466,0.7399,,-0.16%
2023-02-16,0.7465,0.7454,0.7484,0.7433,,0.16%
2023-02-15,0.7453,0.7512,0.7544,0.7442,,-0.79%
2023-02-14,0.7512,0.7551,0.7603,0.7499,,-0.52%
2023-02-13,0.7551,0.761,0.7615,0.7521,,-0.75%
2023-02-10,0.7608,0.76,0.7703,0.7582,,0.12%
2023-02-09,0.7599,0.7611,0.7672,0.7584,,-0.14%
2023-02-08,0.761,0.7629,0.7657,0.7601,,-0.24%
2023-02-07,0.7628,0.7537,0.7663,0.7534,,1.21%
2023-02-06,0.7537,0.7569,0.7603,0.7523,,-1.12%
2023-02-03,0.7622,0.7771,0.7792,0.7618,,-1.92%
2023-02-02,0.7771,0.7754,0.7807,0.7743,,0.22%
2023-02-01,0.7754,0.7686,0.778,0.7665,,0.90%
2023-01-31,0.7685,0.7665,0.7707,0.7659,,0.26%
2023-01-30,0.7665,0.7709,0.7739,0.7655,,-0.44%
2023-01-27,0.7699,0.7678,0.7721,0.7675,,0.26%
2023-01-26,0.7679,0.7715,0.775,0.7655,,-0.47%
2023-01-25,0.7715,0.7682,0.7735,0.7656,174.17K,0.43%
2023-01-24,0.7682,0.7652,0.7708,0.7626,160.97K,0.39%
2023-01-23,0.7652,0.7721,0.7749,0.7638,177.07K,-0.83%
2023-01-20,0.7716,0.7785,0.7791,0.7655,206.02K,-0.89%
2023-01-19,0.7785,0.7756,0.7827,0.7754,240.15K,0.36%
2023-01-18,0.7757,0.7805,0.7838,0.7599,276.48K,-0.60%
2023-01-17,0.7804,0.7777,0.7813,0.7742,222.41K,0.33%
2023-01-16,0.7778,0.7822,0.786,0.7757,170.54K,-0.51%
2023-01-13,0.7818,0.7737,0.7845,0.7726,244.38K,1.07%
2023-01-12,0.7735,0.7548,0.7759,0.7547,233.99K,2.48%
2023-01-11,0.7548,0.756,0.7572,0.7524,209.97K,-0.16%
2023-01-10,0.756,0.7582,0.7611,0.7547,225.60K,-0.29%
2023-01-09,0.7582,0.758,0.7616,0.7536,210.09K,0.16%
2023-01-06,0.757,0.7495,0.7576,0.7418,201.16K,0.99%
2023-01-05,0.7496,0.7539,0.7594,0.7457,198.41K,-0.57%
2023-01-04,0.7539,0.7632,0.7696,0.7532,200.26K,-1.22%
2023-01-03,0.7632,0.7641,0.7721,0.7609,199.88K,-0.21%
2023-01-02,0.7648,0.7625,0.7655,0.7625,40.98K,0.30%
2022-12-30,0.7625,0.7517,0.7646,0.7513,172.38K,1.42%
2022-12-29,0.7518,0.7436,0.7525,0.7435,155.01K,1.10%
2022-12-28,0.7436,0.749,0.7497,0.7434,135.34K,-0.73%
2022-12-27,0.7491,0.7524,0.7539,0.7484,136.09K,-0.45%
2022-12-26,0.7525,0.753,0.7557,0.7506,29.57K,-0.05%
2022-12-23,0.7529,0.7552,0.7566,0.7509,205.68K,-0.34%
2022-12-22,0.7555,0.7546,0.7596,0.7533,214.31K,0.11%
2022-12-21,0.7547,0.7591,0.7604,0.7543,231.04K,-0.59%
2022-12-20,0.7592,0.7304,0.7658,0.7273,258.57K,3.94%
2022-12-19,0.7304,0.7349,0.7366,0.7288,214.98K,-0.14%
2022-12-16,0.7314,0.7257,0.7337,0.7254,194.74K,0.79%
2022-12-15,0.7257,0.7381,0.7394,0.7236,209.66K,-1.68%
2022-12-14,0.7381,0.7375,0.7429,0.7352,174.50K,0.08%
2022-12-13,0.7375,0.7262,0.7426,0.7247,157.37K,1.56%
2022-12-12,0.7262,0.732,0.7325,0.7253,146.35K,-0.81%
2022-12-09,0.7321,0.7316,0.7374,0.7303,173.82K,0.07%
2022-12-08,0.7316,0.7319,0.7339,0.7285,175.80K,-0.04%
2022-12-07,0.7319,0.7296,0.7341,0.7252,195.26K,0.32%
2022-12-06,0.7296,0.7312,0.7355,0.7273,177.16K,-0.22%
2022-12-05,0.7312,0.7432,0.7455,0.7305,181.70K,-1.77%
2022-12-02,0.7444,0.7391,0.7483,0.7352,180.26K,0.74%
2022-12-01,0.7389,0.7242,0.7395,0.724,201.48K,2.02%
2022-11-30,0.7243,0.7208,0.7264,0.7146,196.21K,0.49%
2022-11-29,0.7208,0.7196,0.7253,0.7175,152.97K,0.17%
2022-11-28,0.7196,0.7176,0.7272,0.7172,151.41K,0.11%
2022-11-25,0.7188,0.7213,0.7226,0.7162,141.30K,-0.35%
2022-11-24,0.7213,0.7162,0.7243,0.716,146.50K,0.71%
2022-11-23,0.7162,0.7079,0.7185,0.7059,144.56K,1.17%
2022-11-22,0.7079,0.7034,0.7088,0.7029,148.14K,0.63%
2022-11-21,0.7035,0.7127,0.7134,0.7028,155.26K,-1.25%
2022-11-18,0.7124,0.7132,0.7161,0.7116,162.02K,-0.11%
2022-11-17,0.7132,0.7165,0.72,0.7104,164.25K,-0.46%
2022-11-16,0.7165,0.7179,0.7208,0.7127,176.81K,-0.18%
2022-11-15,0.7178,0.7147,0.7263,0.711,187.41K,0.42%
2022-11-14,0.7148,0.7217,0.7221,0.7101,180.20K,-0.78%
2022-11-11,0.7204,0.7091,0.7222,0.7018,199.70K,1.58%
2022-11-10,0.7092,0.6827,0.7132,0.682,182.87K,3.88%
2022-11-09,0.6827,0.6863,0.6888,0.681,166.94K,-0.52%
2022-11-08,0.6863,0.6819,0.6881,0.6804,160.09K,0.65%
2022-11-07,0.6819,0.6796,0.6845,0.6775,157.08K,-0.01%
2022-11-04,0.682,0.6744,0.6823,0.6738,153.79K,1.13%
2022-11-03,0.6744,0.6761,0.6797,0.6734,144.94K,-0.24%
2022-11-02,0.676,0.6744,0.6864,0.6739,152.32K,0.24%
2022-11-01,0.6744,0.6724,0.6803,0.6719,150.25K,0.31%
2022-10-31,0.6723,0.6767,0.6777,0.6717,146.63K,-0.86%
2022-10-28,0.6781,0.6835,0.6849,0.676,157.23K,-0.79%
2022-10-27,0.6835,0.6832,0.6891,0.6804,180.35K,0.04%
2022-10-26,0.6832,0.6759,0.6839,0.6737,173.40K,1.09%
2022-10-25,0.6758,0.6712,0.6778,0.6706,150.45K,0.69%
2022-10-24,0.6712,0.6776,0.6866,0.668,170.40K,-0.89%
2022-10-21,0.6772,0.666,0.6839,0.658,132.09K,1.68%
2022-10-20,0.666,0.6672,0.6686,0.6652,142.63K,-0.16%
2022-10-19,0.6671,0.6698,0.6706,0.667,145.29K,-0.42%
2022-10-18,0.6699,0.671,0.6726,0.6695,155.37K,-0.16%
2022-10-17,0.671,0.6736,0.6737,0.6707,144.06K,-0.18%
2022-10-14,0.6722,0.6793,0.6798,0.6715,179.51K,-1.03%
2022-10-13,0.6792,0.6806,0.6825,0.677,157.63K,-0.21%
2022-10-12,0.6806,0.6855,0.6862,0.6801,170.11K,-0.71%
2022-10-11,0.6855,0.6863,0.6876,0.6852,161.29K,-0.10%
2022-10-10,0.6862,0.6879,0.6885,0.6854,142.65K,-0.25%
2022-10-07,0.6879,0.6889,0.6909,0.6874,140.74K,-0.16%
2022-10-06,0.689,0.6912,0.6926,0.6888,153.46K,-0.32%
2022-10-05,0.6912,0.6937,0.6967,0.6902,167.22K,-0.39%
2022-10-04,0.6939,0.6918,0.6949,0.6898,151.73K,0.30%
2022-10-03,0.6918,0.6918,0.6937,0.6885,166.40K,0.16%
2022-09-30,0.6907,0.6922,0.6934,0.6904,154.46K,-0.20%
2022-09-29,0.6921,0.6937,0.6942,0.6905,169.46K,-0.22%
2022-09-28,0.6936,0.6907,0.6948,0.6902,181.78K,0.42%
2022-09-27,0.6907,0.6908,0.6941,0.6899,190.34K,-0.01%
2022-09-26,0.6908,0.6973,0.6979,0.6905,188.64K,-0.97%
2022-09-23,0.6976,0.7022,0.7054,0.6969,193.43K,-0.68%
2022-09-22,0.7024,0.6942,0.7125,0.6853,219.32K,1.17%
2022-09-21,0.6943,0.6956,0.6976,0.6909,168.97K,-0.20%
2022-09-20,0.6957,0.6983,0.6995,0.6947,153.26K,-0.36%
2022-09-19,0.6982,0.6994,0.701,0.6961,135.96K,-0.20%
2022-09-16,0.6996,0.6966,0.7001,0.6958,153.76K,0.42%
2022-09-15,0.6967,0.6984,0.7003,0.6953,164.92K,-0.24%
2022-09-14,0.6984,0.6916,0.7015,0.6898,188.61K,0.97%
2022-09-13,0.6917,0.7,0.705,0.691,175.98K,-1.20%
2022-09-12,0.7001,0.7033,0.7035,0.6968,135.16K,-0.20%
2022-09-09,0.7015,0.6938,0.7067,0.6937,191.75K,1.10%
2022-09-08,0.6939,0.6957,0.6977,0.6917,178.70K,-0.26%
2022-09-07,0.6957,0.7003,0.7006,0.6896,197.61K,-0.64%
2022-09-06,0.7002,0.7111,0.713,0.6988,167.25K,-1.53%
2022-09-05,0.7111,0.7134,0.7138,0.7107,122.33K,-0.28%
2022-09-02,0.7131,0.7132,0.7149,0.7101,133.93K,-0.01%
2022-09-01,0.7132,0.7195,0.7197,0.713,162.75K,-0.89%
2022-08-31,0.7196,0.7204,0.7232,0.7194,151.73K,-0.11%
2022-08-30,0.7204,0.7209,0.7243,0.7189,157.34K,-0.07%
2022-08-29,0.7209,0.7263,0.7269,0.7194,121.99K,-0.84%
2022-08-26,0.727,0.7325,0.7336,0.7268,124.28K,-0.74%
2022-08-25,0.7324,0.7292,0.7335,0.7288,157.18K,0.44%
2022-08-24,0.7292,0.7309,0.7343,0.7284,149.97K,-0.23%
2022-08-23,0.7309,0.7273,0.7363,0.7261,150.21K,0.49%
2022-08-22,0.7273,0.7306,0.7315,0.7263,164.18K,-0.38%
2022-08-19,0.7301,0.7358,0.7368,0.7285,149.75K,-0.77%
2022-08-18,0.7358,0.7405,0.7426,0.7357,151.77K,-0.63%
2022-08-17,0.7405,0.7448,0.7467,0.7378,166.69K,-0.59%
2022-08-16,0.7449,0.7501,0.7521,0.7423,159.22K,-0.68%
2022-08-15,0.75,0.7493,0.7544,0.7484,129.75K,0.13%
2022-08-12,0.749,0.7516,0.7525,0.7467,158.45K,-0.36%
2022-08-11,0.7517,0.7523,0.7591,0.75,167.30K,-0.08%
2022-08-10,0.7523,0.7399,0.7573,0.739,166.28K,1.69%
2022-08-09,0.7398,0.7406,0.7425,0.7394,152.85K,-0.11%
2022-08-08,0.7406,0.7406,0.7442,0.7375,154.10K,-0.01%
2022-08-05,0.7407,0.7526,0.7545,0.7379,173.81K,-1.56%
2022-08-04,0.7524,0.747,0.7532,0.7438,168.76K,0.72%
2022-08-03,0.747,0.7508,0.7559,0.7432,175.51K,-0.52%
2022-08-02,0.7509,0.7598,0.7668,0.7508,188.27K,-1.15%
2022-08-01,0.7596,0.7505,0.7598,0.7486,168.93K,1.20%
2022-07-29,0.7506,0.7445,0.7546,0.7424,174.43K,0.79%
2022-07-28,0.7447,0.7322,0.7451,0.732,172.19K,1.71%
2022-07-27,0.7322,0.7302,0.7335,0.7273,128.63K,0.27%
2022-07-26,0.7302,0.7315,0.7337,0.73,130.69K,-0.18%
2022-07-25,0.7315,0.7349,0.7358,0.7309,138.21K,-0.46%
2022-07-22,0.7349,0.7278,0.7376,0.7247,135.97K,0.98%
2022-07-21,0.7278,0.7233,0.7283,0.7199,155.58K,0.61%
2022-07-20,0.7234,0.7235,0.7251,0.7225,135.91K,-0.01%
2022-07-19,0.7235,0.7239,0.7279,0.7224,134.53K,-0.06%
2022-07-18,0.7239,0.7217,0.7252,0.7215,118.60K,0.30%
2022-07-15,0.7217,0.7196,0.7225,0.7187,137.21K,0.26%
2022-07-14,0.7198,0.7276,0.7281,0.7173,168.99K,-1.07%
2022-07-13,0.7276,0.7305,0.7315,0.7252,148.38K,-0.41%
2022-07-12,0.7306,0.7275,0.7327,0.727,148.65K,0.43%
2022-07-11,0.7275,0.735,0.7352,0.7258,138.64K,-0.98%
2022-07-08,0.7347,0.7351,0.7389,0.7321,164.19K,-0.05%
2022-07-07,0.7351,0.7355,0.7377,0.7339,156.53K,-0.05%
2022-07-06,0.7355,0.7358,0.741,0.7351,178.40K,-0.04%
2022-07-05,0.7358,0.7368,0.7378,0.7332,166.88K,-0.14%
2022-07-04,0.7368,0.7389,0.7419,0.7363,128.08K,-0.37%
2022-07-01,0.7395,0.7367,0.7421,0.7353,150.83K,0.39%
2022-06-30,0.7366,0.7321,0.7377,0.7308,183.94K,0.63%
2022-06-29,0.732,0.7345,0.7364,0.7297,172.60K,-0.33%
2022-06-28,0.7344,0.7381,0.7401,0.733,167.31K,-0.51%
2022-06-27,0.7382,0.74,0.7433,0.7376,155.30K,-0.19%
2022-06-24,0.7396,0.741,0.7442,0.7384,172.61K,-0.19%
2022-06-23,0.741,0.7337,0.7448,0.7337,195.24K,0.98%
2022-06-22,0.7338,0.7317,0.7369,0.7314,155.49K,0.26%
2022-06-21,0.7319,0.7401,0.7411,0.7314,154.12K,-1.11%
2022-06-20,0.7401,0.7413,0.7432,0.7382,136.94K,-0.09%
2022-06-17,0.7408,0.7563,0.7566,0.7382,206.82K,-2.05%
2022-06-16,0.7563,0.747,0.7605,0.7424,200.64K,1.22%
2022-06-15,0.7472,0.7381,0.749,0.7374,166.45K,1.23%
2022-06-14,0.7381,0.7439,0.7469,0.738,164.48K,-0.78%
2022-06-13,0.7439,0.744,0.7485,0.7396,155.82K,0.01%
2022-06-10,0.7438,0.7443,0.7498,0.7435,140.19K,-0.07%
2022-06-09,0.7443,0.7447,0.7508,0.7431,149.74K,-0.07%
2022-06-08,0.7448,0.7542,0.7543,0.7435,142.77K,-1.23%
2022-06-07,0.7541,0.7582,0.7583,0.7517,125.50K,-0.54%
2022-06-06,0.7582,0.7642,0.7666,0.7573,107.60K,-0.77%
2022-06-03,0.7641,0.7701,0.7711,0.7634,82.75K,-0.78%
2022-06-02,0.7701,0.7684,0.7721,0.7678,109.73K,0.21%
2022-06-01,0.7685,0.7772,0.7773,0.768,117.13K,-1.08%
2022-05-31,0.7769,0.7838,0.7841,0.7757,130.29K,-0.88%
2022-05-30,0.7838,0.7869,0.7882,0.7822,90.80K,-0.34%
2022-05-27,0.7865,0.7865,0.7894,0.7856,122.80K,0.03%
2022-05-26,0.7863,0.7852,0.7901,0.7837,129.10K,0.13%
2022-05-25,0.7853,0.7884,0.7895,0.7841,136.80K,-0.41%
2022-05-24,0.7885,0.7817,0.7913,0.7807,145.86K,0.84%
2022-05-23,0.7819,0.7817,0.7864,0.7807,120.50K,-0.01%
2022-05-20,0.782,0.78255,0.78415,0.77935,151.14K,-0.05%
2022-05-19,0.7824,0.77985,0.78725,0.77545,168.76K,0.33%
2022-05-18,0.7798,0.7729,0.7812,0.7719,141.61K,0.92%
2022-05-17,0.7727,0.77415,0.77625,0.7705,128.49K,-0.18%
2022-05-16,0.7741,0.7736,0.777,0.77135,123.55K,0.03%
2022-05-13,0.7739,0.77915,0.7797,0.7724,154.93K,-0.67%
2022-05-12,0.7791,0.7705,0.7842,0.76885,180.60K,1.27%
2022-05-11,0.7693,0.76655,0.7725,0.7644,159.89K,0.37%
2022-05-10,0.7665,0.7677,0.77045,0.76585,164.14K,-0.14%
2022-05-09,0.7676,0.7662,0.76855,0.7613,113.55K,0.24%
2022-05-06,0.7658,0.7681,0.7687,0.76445,142.24K,-0.33%
2022-05-05,0.7683,0.77475,0.7767,0.7659,147.40K,-0.81%
2022-05-04,0.7746,0.7686,0.77745,0.7669,111.39K,0.79%
2022-05-03,0.7685,0.7684,0.77105,0.7674,117.51K,0.04%
2022-05-02,0.7682,0.77055,0.77155,0.7664,112.84K,-0.25%
2022-04-29,0.7701,0.76415,0.77335,0.7636,158.88K,0.79%
2022-04-28,0.7641,0.7786,0.7792,0.76185,163.21K,-1.85%
2022-04-27,0.7785,0.78595,0.7877,0.7776,130.18K,-0.94%
2022-04-26,0.7859,0.78035,0.78725,0.77985,148.52K,0.72%
2022-04-25,0.7803,0.7776,0.7842,0.77595,150.03K,0.33%
2022-04-22,0.7777,0.7789,0.7829,0.7745,137.03K,-0.14%
2022-04-21,0.7788,0.78195,0.78245,0.7769,155.67K,-0.40%
2022-04-20,0.7819,0.7757,0.7846,0.77275,162.79K,0.81%
2022-04-19,0.7756,0.78745,0.7876,0.77525,132.12K,-1.49%
2022-04-18,0.7873,0.791,0.7921,0.78735,90.41K,-0.51%
2022-04-15,0.7913,0.7944,0.7945,0.7893,144.12K,-0.38%
2022-04-14,0.7943,0.79575,0.7995,0.79345,126.73K,-0.18%
2022-04-13,0.7957,0.7977,0.7978,0.7916,124.24K,-0.24%
2022-04-12,0.7976,0.79765,0.8014,0.7951,108.48K,0.01%
2022-04-11,0.7975,0.8061,0.8065,0.795,104.04K,-0.83%
2022-04-08,0.8042,0.8069,0.8086,0.802,96.53K,-0.32%
2022-04-07,0.8068,0.8077,0.8099,0.8064,97.04K,-0.11%
2022-04-06,0.8077,0.809,0.8099,0.806,111.94K,-0.15%
2022-04-05,0.8089,0.8143,0.8172,0.80855,90.20K,-0.66%
2022-04-04,0.8143,0.81545,0.81795,0.81325,109.25K,-0.23%
2022-04-01,0.8162,0.8219,0.8219,0.8127,133.95K,-0.66%
2022-03-31,0.8216,0.8205,0.8246,0.8166,136.89K,0.10%
2022-03-30,0.8208,0.814,0.82435,0.81165,142.01K,0.86%
2022-03-29,0.8138,0.8083,0.8198,0.80445,155.45K,0.86%
2022-03-28,0.8069,0.81985,0.81995,0.7993,128.06K,-1.50%
2022-03-25,0.8192,0.8173,0.82525,0.81675,107.22K,0.23%
2022-03-24,0.8173,0.8254,0.8268,0.81685,92.24K,-0.98%
2022-03-23,0.8254,0.8277,0.82925,0.8236,108.48K,-0.30%
2022-03-22,0.8279,0.837,0.8373,0.82615,92.59K,-1.09%
2022-03-21,0.837,0.8391,0.83995,0.83675,63.55K,-0.23%
2022-03-18,0.8389,0.8432,0.8441,0.83745,72.96K,-0.51%
2022-03-17,0.8432,0.8423,0.84485,0.84015,88.03K,0.13%
2022-03-16,0.8421,0.8453,0.84625,0.8394,94.13K,-0.37%
2022-03-15,0.8452,0.8462,0.8496,0.84415,99.91K,-0.09%
2022-03-14,0.846,0.85225,0.8525,0.84585,85.18K,-0.75%
2022-03-11,0.8524,0.861,0.86135,0.85205,106.39K,-1.00%
2022-03-10,0.861,0.8633,0.8635,0.86055,101.45K,-0.23%
2022-03-09,0.863,0.8645,0.8654,0.86235,93.47K,-0.16%
2022-03-08,0.8644,0.8673,0.8676,0.86355,101.82K,-0.29%
2022-03-07,0.8669,0.87095,0.8712,0.8659,110.51K,-0.47%
2022-03-04,0.871,0.8661,0.87225,0.86535,113.03K,0.58%
2022-03-03,0.866,0.86565,0.8667,0.86345,87.74K,0.05%
2022-03-02,0.8656,0.8703,0.8712,0.86435,106.51K,-0.53%
2022-03-01,0.8702,0.8695,0.8719,0.86735,103.86K,0.09%
2022-02-28,0.8694,0.8697,0.8706,0.8637,113.08K,0.50%
2022-02-25,0.8651,0.86555,0.8685,0.86375,109.13K,-0.03%
2022-02-24,0.8654,0.8697,0.8741,0.86425,143.62K,-0.48%
2022-02-23,0.8696,0.8689,0.8702,0.86795,86.95K,0.08%
2022-02-22,0.8689,0.8716,0.8734,0.86765,124.41K,-0.30%
2022-02-21,0.8715,0.87015,0.87175,0.8686,87.35K,0.26%
2022-02-18,0.8692,0.87005,0.87115,0.86725,108.84K,-0.09%
2022-02-17,0.87,0.86585,0.87075,0.8655,119.77K,0.46%
2022-02-16,0.866,0.8648,0.86695,0.86355,107.77K,0.15%
2022-02-15,0.8647,0.8655,0.86765,0.8629,104.60K,-0.08%
2022-02-14,0.8654,0.8675,0.8695,0.86385,117.27K,-0.10%
2022-02-11,0.8663,0.86195,0.8695,0.86075,112.64K,0.52%
2022-02-10,0.8618,0.8658,0.866,0.85945,112.09K,-0.45%
2022-02-09,0.8657,0.86545,0.8672,0.8644,100.51K,0.03%
2022-02-08,0.8654,0.86885,0.8692,0.86475,114.45K,-0.35%
2022-02-07,0.8684,0.8679,0.87025,0.8667,110.94K,0.07%
2022-02-04,0.8678,0.86975,0.8713,0.86625,110.22K,-0.21%
2022-02-03,0.8696,0.8737,0.8747,0.8696,103.89K,-0.46%
2022-02-02,0.8736,0.87165,0.876,0.871,82.28K,0.24%
2022-02-01,0.8715,0.8686,0.8729,0.868,90.72K,0.33%
2022-01-31,0.8686,0.86785,0.87015,0.865,92.42K,0.13%
2022-01-28,0.8675,0.8668,0.8687,0.86435,102.23K,0.10%
2022-01-27,0.8666,0.87225,0.8736,0.86585,108.36K,-0.63%
2022-01-26,0.8721,0.878,0.87895,0.8718,96.68K,-0.67%
2022-01-25,0.878,0.87735,0.8798,0.87585,124.91K,0.05%
2022-01-24,0.8776,0.87985,0.8813,0.87715,130.77K,-0.20%
2022-01-21,0.8794,0.8764,0.8803,0.8759,106.96K,0.35%
2022-01-20,0.8763,0.8747,0.87755,0.87295,108.38K,0.21%
2022-01-19,0.8745,0.8725,0.8756,0.87115,118.71K,0.24%
2022-01-18,0.8724,0.8723,0.8738,0.8691,124.84K,0.01%
2022-01-17,0.8723,0.87565,0.87625,0.87215,82.08K,-0.35%
2022-01-14,0.8754,0.8758,0.8812,0.8751,103.10K,-0.02%
2022-01-13,0.8756,0.87225,0.8772,0.87175,86.44K,0.38%
2022-01-12,0.8723,0.86735,0.8743,0.86595,88.29K,0.58%
2022-01-11,0.8673,0.86795,0.86865,0.86435,89.48K,-0.06%
2022-01-10,0.8678,0.8648,0.8692,0.86315,84.71K,0.30%
2022-01-07,0.8652,0.8633,0.86575,0.8617,78.40K,0.23%
2022-01-06,0.8632,0.86115,0.8649,0.8606,99.42K,0.24%
2022-01-05,0.8611,0.8609,0.86495,0.8602,79.26K,0.03%
2022-01-04,0.8608,0.86705,0.8674,0.8594,77.97K,-0.72%
2022-01-03,0.867,0.86885,0.8699,0.86675,49.53K,-0.20%
2021-12-31,0.8687,0.86885,0.86955,0.86805,58.73K,-0.02%
2021-12-30,0.8689,0.86985,0.87005,0.868,62.07K,-0.10%
2021-12-29,0.8698,0.8709,0.87205,0.86925,71.39K,-0.11%
2021-12-28,0.8708,0.87075,0.8718,0.8699,64.26K,0.03%
2021-12-27,0.8705,0.87425,0.87485,0.8701,46.79K,-0.38%
2021-12-24,0.8738,0.87415,0.87495,0.8732,106.10K,-0.02%
2021-12-23,0.874,0.8763,0.8767,0.87355,83.70K,-0.26%
2021-12-22,0.8763,0.8763,0.8776,0.87425,82.43K,0.00%
2021-12-21,0.8763,0.8803,0.88065,0.87545,99.49K,-0.44%
2021-12-20,0.8802,0.88005,0.8824,0.8792,108.10K,0.08%
2021-12-17,0.8795,0.87985,0.8839,0.8782,116.03K,0.01%
2021-12-16,0.8794,0.877,0.8806,0.87525,99.21K,0.30%
2021-12-15,0.8768,0.8793,0.88015,0.8751,108.34K,-0.27%
2021-12-14,0.8792,0.8805,0.88165,0.87895,110.40K,-0.14%
2021-12-13,0.8804,0.8828,0.88285,0.8792,95.99K,-0.17%
2021-12-10,0.8819,0.8809,0.88325,0.8787,110.53K,0.07%
2021-12-09,0.8813,0.87965,0.88285,0.8786,109.65K,0.19%
2021-12-08,0.8796,0.8804,0.8826,0.87745,121.75K,-0.08%
2021-12-07,0.8803,0.8813,0.8819,0.87885,137.80K,-0.09%
2021-12-06,0.8811,0.88675,0.88675,0.88055,114.10K,-0.59%
2021-12-03,0.8863,0.88365,0.88845,0.8801,119.09K,0.32%
2021-12-02,0.8835,0.8868,0.88765,0.88225,127.17K,-0.34%
2021-12-01,0.8865,0.8836,0.8876,0.87995,148.52K,0.34%
2021-11-30,0.8835,0.8808,0.88865,0.8779,163.84K,0.31%
2021-11-29,0.8808,0.88215,0.8851,0.87745,121.05K,-0.19%
2021-11-26,0.8825,0.8668,0.8846,0.8667,167.89K,1.80%
2021-11-25,0.8669,0.8662,0.8678,0.8661,113.37K,0.09%
2021-11-24,0.8661,0.8688,0.87095,0.86555,118.64K,-0.25%
2021-11-23,0.8683,0.8702,0.87345,0.86815,142.34K,-0.24%
2021-11-22,0.8704,0.87745,0.8779,0.86975,150.73K,-0.76%
2021-11-19,0.8771,0.87525,0.88045,0.87295,109.94K,0.23%
2021-11-18,0.8751,0.8767,0.87815,0.87345,134.08K,-0.14%
2021-11-17,0.8763,0.87085,0.87775,0.8697,130.63K,0.62%
2021-11-16,0.8709,0.87625,0.8764,0.87065,110.07K,-0.59%
2021-11-15,0.8761,0.87795,0.8791,0.8755,83.56K,-0.23%
2021-11-12,0.8781,0.8767,0.8791,0.8748,92.39K,0.18%
2021-11-11,0.8765,0.8778,0.8787,0.87595,84.04K,-0.15%
2021-11-10,0.8778,0.8859,0.88675,0.877,101.80K,-0.89%
2021-11-09,0.8857,0.8831,0.8872,0.88265,103.97K,0.31%
2021-11-08,0.883,0.88155,0.8844,0.8797,91.52K,0.16%
2021-11-05,0.8816,0.87915,0.88265,0.87685,99.53K,0.31%
2021-11-04,0.8789,0.87715,0.881,0.87495,102.90K,0.21%
2021-11-03,0.8771,0.87755,0.8794,0.87545,91.03K,-0.02%
2021-11-02,0.8773,0.8772,0.88135,0.8761,106.66K,0.02%
2021-11-01,0.8771,0.87735,0.8777,0.87365,85.88K,0.01%
2021-10-29,0.877,0.8804,0.88195,0.8764,105.85K,-0.37%
2021-10-28,0.8803,0.87855,0.883,0.87815,113.66K,0.22%
2021-10-27,0.8784,0.876,0.88195,0.8755,96.00K,0.29%
2021-10-26,0.8759,0.87945,0.87965,0.87475,81.15K,-0.39%
2021-10-25,0.8793,0.88035,0.88135,0.87775,91.97K,-0.20%
2021-10-22,0.8811,0.8774,0.8818,0.8756,91.61K,0.44%
2021-10-21,0.8772,0.8751,0.8799,0.87395,86.09K,0.25%
2021-10-20,0.875,0.8743,0.8766,0.8718,87.10K,0.10%
2021-10-19,0.8741,0.8747,0.8781,0.8741,81.68K,-0.06%
2021-10-18,0.8746,0.87555,0.8771,0.87365,88.66K,-0.08%
2021-10-15,0.8753,0.87965,0.87995,0.87355,89.57K,-0.49%
2021-10-14,0.8796,0.8828,0.8833,0.87925,68.74K,-0.37%
2021-10-13,0.8829,0.8802,0.8832,0.8786,97.58K,0.33%
2021-10-12,0.88,0.8826,0.88495,0.87875,82.36K,-0.27%
2021-10-11,0.8824,0.89145,0.8917,0.88165,66.70K,-0.95%
2021-10-08,0.8909,0.89585,0.8968,0.89075,71.61K,-0.56%
2021-10-07,0.8959,0.89755,0.89905,0.8956,77.54K,-0.16%
2021-10-06,0.8973,0.89705,0.8993,0.8945,92.31K,0.03%
2021-10-05,0.897,0.90185,0.902,0.89635,97.53K,-0.49%
2021-10-04,0.9014,0.90065,0.9023,0.89835,75.89K,0.13%
2021-10-01,0.9002,0.89865,0.9017,0.8969,81.10K,0.19%
2021-09-30,0.8985,0.89305,0.899,0.8922,91.22K,0.60%
2021-09-29,0.8931,0.8969,0.89925,0.89245,77.89K,-0.39%
2021-09-28,0.8966,0.9008,0.9015,0.8957,94.15K,-0.46%
2021-09-27,0.9007,0.9034,0.9047,0.9003,64.19K,-0.25%
2021-09-24,0.903,0.9064,0.907,0.9025,61.77K,-0.38%
2021-09-23,0.9064,0.91085,0.91115,0.90615,65.79K,-0.47%
2021-09-22,0.9107,0.91545,0.9164,0.9099,86.73K,-0.51%
2021-09-21,0.9154,0.91405,0.9159,0.91145,73.92K,0.14%
2021-09-20,0.9141,0.9093,0.91475,0.90875,66.23K,0.54%
2021-09-17,0.9092,0.91095,0.91185,0.9084,61.24K,-0.23%
2021-09-16,0.9113,0.9143,0.9157,0.91045,81.51K,-0.32%
2021-09-15,0.9142,0.9118,0.91655,0.91115,71.57K,0.29%
2021-09-14,0.9116,0.90915,0.91305,0.90775,73.06K,0.29%
2021-09-13,0.909,0.91,0.91035,0.90775,54.74K,-0.07%
2021-09-10,0.9096,0.9114,0.91165,0.90915,77.61K,-0.19%
2021-09-09,0.9113,0.90715,0.91225,0.90665,68.40K,0.49%
2021-09-08,0.9069,0.9067,0.908,0.90535,74.76K,0.03%
2021-09-07,0.9066,0.9103,0.9117,0.90645,79.81K,-0.40%
2021-09-06,0.9102,0.9112,0.9116,0.90945,52.80K,-0.10%
2021-09-03,0.9111,0.90945,0.9125,0.9084,74.10K,0.18%
2021-09-02,0.9095,0.90905,0.9098,0.9081,66.94K,0.07%
2021-09-01,0.9089,0.9089,0.9101,0.9056,80.13K,0.02%
2021-08-31,0.9087,0.90965,0.91255,0.9084,71.43K,-0.11%
2021-08-30,0.9097,0.9103,0.9116,0.90935,44.91K,-0.07%
2021-08-27,0.9103,0.9083,0.9109,0.9068,80.22K,0.22%
2021-08-26,0.9083,0.90905,0.9098,0.90715,75.65K,-0.06%
2021-08-25,0.9088,0.9121,0.9123,0.908,61.02K,-0.35%
2021-08-24,0.912,0.9118,0.914,0.90995,54.55K,0.05%
2021-08-23,0.9115,0.9107,0.912,0.9078,61.18K,0.11%
2021-08-20,0.9105,0.9112,0.9127,0.91,74.09K,-0.08%
2021-08-19,0.9112,0.911,0.91335,0.9072,87.92K,0.04%
2021-08-18,0.9108,0.91255,0.91345,0.9085,73.87K,-0.18%
2021-08-17,0.9124,0.91555,0.9164,0.9119,79.56K,-0.31%
2021-08-16,0.9152,0.91155,0.9165,0.9111,88.50K,0.31%
2021-08-13,0.9124,0.90585,0.9129,0.90525,70.85K,0.75%
2021-08-12,0.9056,0.9057,0.90655,0.90455,81.18K,0.00%
2021-08-11,0.9056,0.90435,0.90655,0.9025,72.41K,0.15%
2021-08-10,0.9042,0.90675,0.9068,0.90415,85.19K,-0.25%
2021-08-09,0.9065,0.9069,0.9089,0.9061,57.24K,-0.03%
2021-08-06,0.9068,0.911,0.9116,0.90615,73.50K,-0.46%
2021-08-05,0.911,0.91335,0.91405,0.9108,92.76K,-0.24%
2021-08-04,0.9132,0.9169,0.9198,0.9117,82.51K,-0.39%
2021-08-03,0.9168,0.9148,0.9185,0.91445,71.63K,0.23%
2021-08-02,0.9147,0.9116,0.9159,0.91085,59.89K,0.37%
2021-07-30,0.9113,0.91345,0.9144,0.9105,61.30K,-0.21%
2021-07-29,0.9132,0.90985,0.9139,0.9094,92.00K,0.38%
2021-07-28,0.9097,0.9111,0.91125,0.9067,83.65K,-0.12%
2021-07-27,0.9108,0.90615,0.9126,0.90575,76.01K,0.53%
2021-07-26,0.906,0.90445,0.90815,0.90425,58.68K,0.18%
2021-07-23,0.9044,0.9078,0.9084,0.9042,60.25K,-0.36%
2021-07-22,0.9077,0.9064,0.909,0.9061,69.38K,0.13%
2021-07-21,0.9065,0.9103,0.9108,0.9059,70.49K,-0.41%
2021-07-20,0.9102,0.9138,0.91465,0.9094,85.34K,-0.36%
2021-07-19,0.9135,0.9098,0.9169,0.9082,74.04K,0.54%
2021-07-16,0.9086,0.9101,0.9113,0.90615,67.88K,-0.15%
2021-07-15,0.91,0.90905,0.9115,0.9083,69.83K,0.08%
2021-07-14,0.9093,0.9039,0.9097,0.9033,61.69K,0.61%
2021-07-13,0.9038,0.90595,0.9075,0.90375,60.06K,-0.24%
2021-07-12,0.906,0.90775,0.90925,0.9057,62.85K,-0.19%
2021-07-09,0.9077,0.9107,0.9113,0.9069,70.49K,-0.32%
2021-07-08,0.9106,0.90365,0.913,0.90325,81.43K,0.77%
2021-07-07,0.9036,0.90405,0.90585,0.9023,72.50K,-0.02%
2021-07-06,0.9038,0.9012,0.9048,0.90095,88.81K,0.31%
2021-07-05,0.901,0.90045,0.90255,0.8993,69.00K,0.08%
2021-07-02,0.9003,0.89665,0.9013,0.89555,59.20K,0.42%
2021-07-01,0.8965,0.90005,0.9007,0.8957,62.13K,-0.38%
2021-06-30,0.8999,0.90475,0.90565,0.8999,65.92K,-0.53%
2021-06-29,0.9047,0.9039,0.90555,0.9028,64.27K,0.10%
2021-06-28,0.9038,0.90295,0.905,0.90105,51.97K,0.16%
2021-06-25,0.9024,0.9019,0.90515,0.901,62.86K,0.07%
2021-06-24,0.9018,0.9013,0.9034,0.8999,81.97K,0.08%
2021-06-23,0.9011,0.9038,0.904,0.9,55.49K,-0.28%
2021-06-22,0.9036,0.90645,0.90735,0.9025,63.53K,-0.30%
2021-06-21,0.9063,0.9069,0.91145,0.9062,73.50K,-0.12%
2021-06-18,0.9074,0.9075,0.9096,0.90505,78.77K,0.03%
2021-06-17,0.9071,0.90335,0.90775,0.90225,81.06K,0.42%
2021-06-16,0.9033,0.90845,0.91075,0.90315,58.49K,-0.55%
2021-06-15,0.9083,0.90855,0.90925,0.90765,59.05K,-0.01%
2021-06-14,0.9084,0.91205,0.91245,0.90825,50.13K,-0.36%
2021-06-11,0.9117,0.9147,0.9148,0.91035,59.98K,-0.32%
2021-06-10,0.9146,0.9122,0.9149,0.9107,68.50K,0.27%
2021-06-09,0.9121,0.91325,0.9156,0.9119,64.16K,-0.11%
2021-06-08,0.9131,0.9153,0.9158,0.91275,69.73K,-0.23%
2021-06-07,0.9152,0.9131,0.9159,0.91205,60.23K,0.23%
2021-06-04,0.9131,0.90665,0.9144,0.9063,70.08K,0.73%
2021-06-03,0.9065,0.9128,0.91295,0.9064,64.01K,-0.68%
2021-06-02,0.9127,0.91345,0.9139,0.90995,65.89K,-0.08%
2021-06-01,0.9134,0.91265,0.9147,0.91145,76.05K,0.08%
2021-05-31,0.9127,0.91045,0.9145,0.90955,78.27K,0.32%
2021-05-28,0.9098,0.9106,0.91125,0.90735,76.80K,-0.09%
2021-05-27,0.9106,0.91615,0.91715,0.9097,104.94K,-0.59%
2021-05-26,0.916,0.91935,0.91985,0.9159,101.88K,-0.35%
2021-05-25,0.9192,0.91965,0.9211,0.9168,102.12K,-0.03%
2021-05-24,0.9195,0.9179,0.92005,0.9174,80.10K,0.20%
2021-05-21,0.9177,0.91925,0.92075,0.91735,89.15K,-0.17%
2021-05-20,0.9193,0.91545,0.91955,0.9148,85.61K,0.43%
2021-05-19,0.9154,0.9184,0.92105,0.91455,98.11K,-0.30%
2021-05-18,0.9182,0.9157,0.9188,0.915,95.70K,0.28%
2021-05-17,0.9156,0.91515,0.91685,0.9132,73.66K,0.14%
2021-05-14,0.9143,0.91355,0.9158,0.9119,71.42K,0.10%
2021-05-13,0.9134,0.91185,0.9141,0.9108,85.86K,0.19%
2021-05-12,0.9117,0.92065,0.9209,0.91145,80.52K,-0.96%
2021-05-11,0.9205,0.91915,0.9229,0.9175,102.01K,0.16%
2021-05-10,0.919,0.92025,0.922,0.9169,94.66K,-0.17%
2021-05-07,0.9206,0.9167,0.92305,0.91495,79.63K,0.44%
2021-05-06,0.9166,0.9157,0.9174,0.9138,92.29K,0.10%
2021-05-05,0.9157,0.91455,0.91625,0.9134,95.29K,0.14%
2021-05-04,0.9144,0.9168,0.9172,0.9133,81.96K,-0.25%
2021-05-03,0.9167,0.9152,0.9183,0.91155,68.74K,0.20%
2021-04-30,0.9149,0.91815,0.9199,0.9143,88.15K,-0.33%
2021-04-29,0.9179,0.92085,0.92225,0.9155,72.99K,-0.29%
2021-04-28,0.9206,0.91965,0.92105,0.9167,89.23K,0.08%
2021-04-27,0.9199,0.9251,0.92535,0.9193,106.32K,-0.56%
2021-04-26,0.9251,0.92605,0.929,0.92415,89.06K,-0.14%
2021-04-23,0.9264,0.92625,0.93045,0.92465,85.76K,0.02%
2021-04-22,0.9262,0.92535,0.92755,0.9239,94.66K,0.11%
2021-04-21,0.9252,0.9251,0.927,0.92345,82.63K,0.02%
2021-04-20,0.925,0.9246,0.92625,0.9212,97.85K,0.06%
2021-04-19,0.9244,0.91935,0.92585,0.9188,77.90K,0.58%
2021-04-16,0.9191,0.91935,0.9207,0.9177,95.69K,-0.03%
2021-04-15,0.9194,0.91815,0.9207,0.9175,96.42K,0.16%
2021-04-14,0.9179,0.91695,0.91955,0.9166,95.10K,0.12%
2021-04-13,0.9168,0.9142,0.9173,0.91105,95.07K,0.30%
2021-04-12,0.9141,0.91175,0.9154,0.91095,91.28K,0.26%
2021-04-09,0.9117,0.91535,0.91575,0.9094,72.72K,-0.38%
2021-04-08,0.9152,0.91025,0.91745,0.90985,82.61K,0.55%
2021-04-07,0.9102,0.9112,0.9126,0.90945,86.35K,-0.09%
2021-04-06,0.911,0.90775,0.91185,0.90445,78.49K,0.39%
2021-04-05,0.9075,0.90395,0.9094,0.9029,60.41K,0.46%
2021-04-02,0.9033,0.90395,0.9061,0.9029,67.33K,-0.07%
2021-04-01,0.9039,0.903,0.90465,0.9021,89.36K,0.09%
2021-03-31,0.9031,0.90615,0.9069,0.90115,99.72K,-0.31%
2021-03-30,0.9059,0.9108,0.9112,0.90555,72.91K,-0.53%
2021-03-29,0.9107,0.91195,0.9143,0.9103,82.13K,-0.12%
2021-03-26,0.9118,0.9159,0.91635,0.9103,85.20K,-0.44%
2021-03-25,0.9158,0.91965,0.91985,0.9154,79.07K,-0.40%
2021-03-24,0.9195,0.92075,0.92215,0.9178,92.62K,-0.13%
2021-03-23,0.9207,0.91875,0.9225,0.9184,87.83K,0.23%
2021-03-22,0.9186,0.91855,0.92155,0.9178,73.32K,0.03%
2021-03-19,0.9183,0.9184,0.92075,0.91635,91.22K,0.01%
2021-03-18,0.9182,0.91875,0.9206,0.91485,101.39K,-0.05%
2021-03-17,0.9187,0.91745,0.9196,0.91465,84.00K,0.15%
2021-03-16,0.9173,0.91635,0.9194,0.91495,75.18K,0.11%
2021-03-15,0.9163,0.91685,0.9182,0.9143,90.46K,-0.10%
2021-03-12,0.9172,0.9216,0.92175,0.916,106.75K,-0.47%
2021-03-11,0.9215,0.92255,0.9229,0.91895,102.37K,-0.12%
2021-03-10,0.9226,0.9219,0.92305,0.91805,105.26K,0.10%
2021-03-09,0.9217,0.91835,0.9224,0.91535,118.25K,0.38%
2021-03-08,0.9182,0.92245,0.92365,0.91785,101.31K,-0.50%
2021-03-05,0.9228,0.92615,0.9275,0.92045,106.16K,-0.36%
2021-03-04,0.9261,0.9346,0.9349,0.926,111.42K,-0.89%
2021-03-03,0.9344,0.93735,0.93745,0.9332,102.49K,-0.31%
2021-03-02,0.9373,0.93665,0.9375,0.9349,103.13K,0.07%
2021-03-01,0.9366,0.9384,0.9402,0.93555,115.88K,-0.15%
2021-02-26,0.938,0.9414,0.9447,0.9372,126.05K,-0.35%
2021-02-25,0.9413,0.94445,0.9449,0.93975,144.72K,-0.33%
2021-02-24,0.9444,0.95005,0.9507,0.94235,117.13K,-0.60%
2021-02-23,0.9501,0.9517,0.9531,0.94845,108.47K,-0.16%
2021-02-22,0.9516,0.94865,0.9526,0.9447,96.93K,0.36%
2021-02-19,0.9482,0.94615,0.95025,0.94555,112.36K,0.21%
2021-02-18,0.9462,0.9445,0.947,0.94395,118.45K,0.17%
2021-02-17,0.9446,0.94305,0.94535,0.9414,152.24K,0.17%
2021-02-16,0.943,0.9489,0.9508,0.94275,130.72K,-0.62%
2021-02-15,0.9489,0.95245,0.95305,0.94855,95.86K,-0.40%
2021-02-12,0.9527,0.95455,0.95485,0.9507,103.59K,-0.21%
2021-02-11,0.9547,0.95615,0.9565,0.9541,112.77K,-0.13%
2021-02-10,0.9559,0.95605,0.9578,0.95375,139.97K,-0.01%
2021-02-09,0.956,0.95035,0.95695,0.9499,119.26K,0.60%
2021-02-08,0.9503,0.9489,0.951,0.94625,100.18K,0.15%
2021-02-05,0.9489,0.94765,0.9494,0.9454,112.27K,0.17%
2021-02-04,0.9473,0.9522,0.95265,0.9472,101.61K,-0.49%
2021-02-03,0.952,0.9526,0.95315,0.95135,89.15K,-0.04%
2021-02-02,0.9524,0.95305,0.95395,0.9507,111.45K,-0.05%
2021-02-01,0.9529,0.95535,0.95595,0.952,105.88K,-0.22%
2021-01-29,0.955,0.95935,0.95955,0.9528,131.04K,-0.45%
2021-01-28,0.9593,0.96055,0.96105,0.9572,123.87K,-0.11%
2021-01-27,0.9604,0.96515,0.96545,0.95965,117.86K,-0.48%
2021-01-26,0.965,0.964,0.9657,0.96305,92.44K,0.13%
2021-01-25,0.9637,0.96345,0.96465,0.96205,105.26K,0.03%
2021-01-22,0.9634,0.96635,0.96645,0.9625,126.36K,-0.27%
2021-01-21,0.966,0.96585,0.9679,0.9646,135.40K,0.04%
2021-01-20,0.9656,0.96245,0.96675,0.962,128.88K,0.32%
2021-01-19,0.9625,0.96445,0.9648,0.96065,127.71K,-0.19%
2021-01-18,0.9643,0.96375,0.965,0.9621,120.80K,0.19%
2021-01-15,0.9625,0.96335,0.96515,0.9623,130.41K,-0.07%
2021-01-14,0.9632,0.9625,0.9656,0.95965,139.19K,0.06%
2021-01-13,0.9626,0.9638,0.96595,0.9615,141.88K,-0.11%
2021-01-12,0.9637,0.9591,0.9641,0.95835,133.16K,0.49%
2021-01-11,0.959,0.9625,0.96305,0.9578,118.32K,-0.30%
2021-01-08,0.9619,0.96355,0.9652,0.96065,113.68K,-0.12%
2021-01-07,0.9631,0.97055,0.97135,0.96185,123.62K,-0.73%
2021-01-06,0.9702,0.97335,0.9748,0.96665,109.43K,-0.33%
2021-01-05,0.9734,0.96965,0.9747,0.96905,111.82K,0.39%
2021-01-04,0.9696,0.96925,0.97365,0.9679,91.14K,0.07%
2021-01-01,0.9689,0.96845,0.96895,0.96865,,0.06%
2020-12-31,0.9683,0.96915,0.971,0.96785,116.02K,-0.07%
2020-12-30,0.969,0.9654,0.97125,0.9652,119.19K,0.38%
2020-12-29,0.9653,0.96315,0.9666,0.96295,94.32K,0.21%
2020-12-28,0.9633,0.96585,0.96715,0.9625,79.56K,-0.29%
2020-12-25,0.9661,0.96485,0.9672,0.9644,15.02K,0.15%
2020-12-24,0.9647,0.96545,0.9662,0.9637,108.36K,-0.07%
2020-12-23,0.9654,0.96485,0.96755,0.9647,112.89K,0.07%
2020-12-22,0.9647,0.968,0.96825,0.9639,116.35K,-0.32%
2020-12-21,0.9678,0.96735,0.96855,0.96255,115.76K,0.01%
2020-12-18,0.9677,0.9697,0.96995,0.96525,121.32K,-0.20%
2020-12-17,0.9696,0.96625,0.97205,0.96555,122.74K,0.36%
2020-12-16,0.9661,0.9646,0.9684,0.9623,112.91K,0.18%
2020-12-15,0.9644,0.96115,0.96525,0.9601,77.44K,0.35%
2020-12-14,0.961,0.9615,0.9661,0.96045,82.16K,-0.02%
2020-12-11,0.9612,0.95955,0.9632,0.9589,94.55K,0.19%
2020-12-10,0.9594,0.95935,0.96,0.9561,86.55K,0.01%
2020-12-09,0.9593,0.96005,0.9611,0.9577,82.37K,-0.06%
2020-12-08,0.9599,0.96085,0.962,0.9595,90.97K,-0.11%
2020-12-07,0.961,0.9603,0.96235,0.95855,90.46K,0.10%
2020-12-04,0.96,0.963,0.964,0.95915,101.84K,-0.29%
2020-12-03,0.9628,0.95775,0.96465,0.95655,108.03K,0.55%
2020-12-02,0.9575,0.95855,0.9595,0.95455,111.08K,-0.08%
2020-12-01,0.9583,0.95865,0.9599,0.9561,104.02K,-0.05%
2020-11-30,0.9588,0.96095,0.96315,0.95775,96.76K,-0.16%
2020-11-27,0.9603,0.95905,0.96245,0.95885,103.09K,0.15%
2020-11-26,0.9589,0.9573,0.9596,0.95705,113.20K,0.19%
2020-11-25,0.9571,0.95755,0.95915,0.95595,123.94K,-0.02%
2020-11-24,0.9573,0.95645,0.9602,0.9545,129.46K,0.10%
2020-11-23,0.9563,0.96315,0.9645,0.95555,111.74K,-0.68%
2020-11-20,0.9628,0.96395,0.9643,0.96235,110.19K,-0.11%
2020-11-19,0.9639,0.96325,0.96415,0.95945,125.22K,0.10%
2020-11-18,0.9629,0.95955,0.96485,0.95945,114.65K,0.35%
2020-11-17,0.9595,0.9562,0.96095,0.95575,117.24K,0.36%
2020-11-16,0.9561,0.95345,0.95825,0.9511,104.52K,0.05%
2020-11-13,0.9556,0.95115,0.9564,0.95085,116.21K,0.47%
2020-11-12,0.9511,0.94855,0.9518,0.948,128.67K,0.28%
2020-11-11,0.9484,0.9497,0.9524,0.94615,119.44K,-0.11%
2020-11-10,0.9494,0.949,0.95425,0.94785,135.54K,0.05%
2020-11-09,0.9489,0.96765,0.96905,0.94645,128.84K,-1.90%
2020-11-06,0.9673,0.96635,0.9693,0.9637,136.87K,0.13%
2020-11-05,0.966,0.95645,0.96675,0.95635,128.02K,0.99%
2020-11-04,0.9565,0.95715,0.9602,0.9492,138.46K,-0.04%
2020-11-03,0.9569,0.95505,0.95755,0.95405,102.09K,0.23%
2020-11-02,0.9547,0.95625,0.9566,0.95275,86.26K,-0.07%
2020-10-30,0.9554,0.9557,0.9604,0.95465,100.46K,-0.03%
2020-10-29,0.9557,0.95865,0.9613,0.95475,98.92K,-0.30%
2020-10-28,0.9586,0.95775,0.9605,0.95635,113.47K,0.13%
2020-10-27,0.9574,0.95385,0.958,0.9533,92.89K,0.38%
2020-10-26,0.9538,0.9547,0.9556,0.9518,87.18K,-0.12%
2020-10-23,0.9549,0.9538,0.95655,0.95285,102.77K,0.13%
2020-10-22,0.9537,0.95615,0.95725,0.953,108.46K,-0.24%
2020-10-21,0.956,0.9479,0.95845,0.9476,110.47K,0.88%
2020-10-20,0.9477,0.94845,0.94885,0.94555,103.68K,-0.06%
2020-10-19,0.9483,0.9488,0.9497,0.94775,76.83K,-0.01%
2020-10-16,0.9484,0.94825,0.9507,0.9482,76.22K,0.03%
2020-10-15,0.9481,0.95115,0.95155,0.94785,85.90K,-0.28%
2020-10-14,0.9508,0.9479,0.95205,0.9476,86.39K,0.30%
2020-10-13,0.948,0.94935,0.9499,0.9466,104.43K,-0.15%
2020-10-12,0.9494,0.94605,0.95025,0.9444,94.41K,0.27%
2020-10-09,0.9468,0.9431,0.9472,0.94295,102.15K,0.40%
2020-10-08,0.943,0.9437,0.94415,0.9424,118.48K,-0.05%
2020-10-07,0.9435,0.94665,0.947,0.94235,122.46K,-0.32%
2020-10-06,0.9465,0.94575,0.94815,0.9453,110.77K,0.10%
2020-10-05,0.9456,0.9497,0.9498,0.94515,98.49K,-0.40%
2020-10-02,0.9494,0.94775,0.95295,0.94625,129.29K,0.20%
2020-10-01,0.9475,0.94815,0.9488,0.94555,131.70K,-0.09%
2020-09-30,0.9484,0.94665,0.9488,0.9451,113.94K,0.22%
2020-09-29,0.9463,0.94785,0.9493,0.9456,101.66K,-0.15%
2020-09-28,0.9477,0.94775,0.95,0.94615,97.36K,0.11%
2020-09-25,0.9467,0.94865,0.95025,0.946,115.24K,-0.19%
2020-09-24,0.9485,0.94875,0.9506,0.9475,116.37K,-0.03%
2020-09-23,0.9488,0.95295,0.95335,0.94785,123.38K,-0.44%
2020-09-22,0.953,0.95555,0.95785,0.95155,101.64K,-0.26%
2020-09-21,0.9555,0.95745,0.9615,0.9538,97.66K,-0.05%
2020-09-18,0.956,0.95475,0.9591,0.95355,110.05K,0.14%
2020-09-17,0.9547,0.9528,0.95675,0.95075,119.93K,0.21%
2020-09-16,0.9527,0.9484,0.95425,0.9483,101.85K,0.44%
2020-09-15,0.9485,0.94585,0.9497,0.9449,77.56K,0.30%
2020-09-14,0.9457,0.94195,0.94745,0.9415,60.72K,0.42%
2020-09-11,0.9417,0.9423,0.9429,0.9409,78.63K,-0.05%
2020-09-10,0.9422,0.94155,0.9436,0.9407,84.95K,0.06%
2020-09-09,0.9416,0.94315,0.94535,0.9408,89.01K,-0.15%
2020-09-08,0.943,0.94075,0.94465,0.9399,81.63K,0.22%
2020-09-07,0.9409,0.94095,0.9423,0.9399,73.93K,-0.02%
2020-09-04,0.9411,0.94195,0.9429,0.9389,85.70K,-0.04%
2020-09-03,0.9415,0.94175,0.9434,0.9384,90.19K,-0.02%
2020-09-02,0.9417,0.9437,0.94475,0.9406,93.13K,-0.21%
2020-09-01,0.9437,0.94405,0.94705,0.942,96.53K,-0.04%
2020-08-31,0.9441,0.94915,0.9497,0.9425,96.31K,-0.52%
2020-08-28,0.949,0.9384,0.95065,0.93495,112.38K,1.14%
2020-08-27,0.9383,0.9435,0.94695,0.93705,101.30K,-0.54%
2020-08-26,0.9434,0.94005,0.94385,0.93845,88.70K,0.38%
2020-08-25,0.9398,0.9436,0.9446,0.9382,92.67K,-0.38%
2020-08-24,0.9434,0.9446,0.9462,0.9433,84.25K,-0.18%
2020-08-21,0.9451,0.9453,0.94845,0.94265,100.19K,0.01%
2020-08-20,0.945,0.9424,0.9457,0.9414,105.98K,0.30%
2020-08-19,0.9422,0.94845,0.9515,0.94205,102.03K,-0.67%
2020-08-18,0.9486,0.94335,0.94985,0.94275,93.87K,0.57%
2020-08-17,0.9432,0.93785,0.9439,0.9375,84.35K,0.57%
2020-08-14,0.9379,0.9354,0.93955,0.9342,81.05K,0.30%
2020-08-13,0.9351,0.9356,0.93845,0.93405,89.47K,-0.01%
2020-08-12,0.9352,0.93885,0.9395,0.93435,83.63K,-0.40%
2020-08-11,0.939,0.94375,0.9441,0.9372,86.33K,-0.50%
2020-08-10,0.9437,0.9438,0.94605,0.94155,74.36K,-0.02%
2020-08-07,0.9439,0.94775,0.9481,0.94285,88.28K,-0.36%
2020-08-06,0.9473,0.9472,0.9497,0.946,92.21K,0.03%
2020-08-05,0.947,0.9459,0.94955,0.94445,95.90K,0.14%
2020-08-04,0.9457,0.9438,0.94665,0.94155,92.61K,0.21%
2020-08-03,0.9437,0.94445,0.9472,0.93915,106.58K,-0.08%
2020-07-31,0.9445,0.95505,0.9599,0.94285,112.26K,-1.07%
2020-07-30,0.9547,0.9531,0.9553,0.94965,111.13K,0.18%
2020-07-29,0.953,0.9516,0.95455,0.9501,101.81K,0.17%
2020-07-28,0.9514,0.94905,0.9528,0.9461,102.41K,0.26%
2020-07-27,0.9489,0.94365,0.95135,0.9416,109.80K,0.73%
2020-07-24,0.942,0.93575,0.9463,0.93535,106.56K,0.68%
2020-07-23,0.9356,0.93325,0.93715,0.9325,87.62K,0.26%
2020-07-22,0.9332,0.93655,0.9371,0.932,92.27K,-0.32%
2020-07-21,0.9362,0.93235,0.9374,0.93125,88.80K,0.43%
2020-07-20,0.9322,0.93365,0.9345,0.93,87.54K,-0.24%
2020-07-17,0.9344,0.93225,0.93515,0.93135,88.61K,0.25%
2020-07-16,0.9321,0.93515,0.9361,0.931,95.79K,-0.32%
2020-07-15,0.9351,0.9326,0.93755,0.93185,94.87K,0.30%
2020-07-14,0.9323,0.93205,0.93355,0.93075,92.47K,0.03%
2020-07-13,0.932,0.9354,0.9365,0.9317,88.78K,-0.35%
2020-07-10,0.9353,0.9328,0.93775,0.9322,94.38K,0.29%
2020-07-09,0.9326,0.93195,0.93375,0.931,102.65K,0.04%
2020-07-08,0.9322,0.93005,0.93285,0.92835,89.90K,0.24%
2020-07-07,0.93,0.93155,0.93255,0.92765,97.86K,-0.14%
2020-07-06,0.9313,0.9302,0.93235,0.9278,97.59K,0.13%
2020-07-03,0.9301,0.93025,0.93085,0.92955,92.52K,0.00%
2020-07-02,0.9301,0.9305,0.9317,0.92815,110.50K,-0.02%
2020-07-01,0.9303,0.9265,0.93145,0.9245,110.04K,0.42%
2020-06-30,0.9264,0.92965,0.93005,0.92595,118.33K,-0.33%
2020-06-29,0.9295,0.93285,0.9342,0.9268,103.74K,-0.32%
2020-06-26,0.9325,0.93255,0.93635,0.93135,111.81K,-0.02%
2020-06-25,0.9327,0.93425,0.9347,0.93055,116.50K,-0.15%
2020-06-24,0.9341,0.9388,0.94005,0.9339,120.97K,-0.48%
2020-06-23,0.9386,0.9354,0.9428,0.93255,116.14K,0.33%
2020-06-22,0.9355,0.9354,0.9367,0.9344,109.75K,0.00%
2020-06-19,0.9355,0.9348,0.93665,0.93395,112.75K,0.09%
2020-06-18,0.9347,0.93455,0.9375,0.93335,122.15K,0.02%
2020-06-17,0.9345,0.93155,0.935,0.93065,118.72K,0.32%
2020-06-16,0.9315,0.93165,0.93275,0.929,117.11K,-0.02%
2020-06-15,0.9317,0.93165,0.93465,0.92955,105.84K,0.03%
2020-06-12,0.9314,0.93565,0.93825,0.9297,135.09K,-0.46%
2020-06-11,0.9357,0.93345,0.9383,0.9325,127.71K,0.24%
2020-06-10,0.9335,0.9282,0.9347,0.9269,121.36K,0.58%
2020-06-09,0.9281,0.92215,0.92925,0.9212,116.04K,0.64%
2020-06-08,0.9222,0.9117,0.9239,0.9116,100.66K,1.07%
2020-06-05,0.9124,0.9163,0.9171,0.91025,118.37K,-0.43%
2020-06-04,0.9163,0.9183,0.9207,0.91575,119.90K,-0.21%
2020-06-03,0.9182,0.9201,0.9224,0.91745,128.68K,-0.20%
2020-06-02,0.92,0.92945,0.9302,0.9193,119.57K,-1.01%
2020-06-01,0.9294,0.9282,0.9313,0.9271,104.03K,0.22%
2020-05-29,0.9274,0.929,0.93395,0.92675,122.88K,-0.14%
2020-05-28,0.9287,0.9283,0.9296,0.92675,123.89K,0.05%
2020-05-27,0.9282,0.92995,0.93145,0.92625,114.76K,-0.15%
2020-05-26,0.9296,0.92845,0.9311,0.9265,106.19K,0.14%
2020-05-25,0.9283,0.9295,0.9297,0.92775,81.22K,-0.06%
2020-05-22,0.9289,0.92935,0.9318,0.9279,105.24K,-0.02%
2020-05-21,0.9291,0.93025,0.93045,0.92715,98.25K,-0.09%
2020-05-20,0.9299,0.92845,0.9317,0.926,108.13K,0.18%
2020-05-19,0.9282,0.93155,0.932,0.92515,111.81K,-0.36%
2020-05-18,0.9316,0.93385,0.93425,0.9301,94.51K,-0.27%
2020-05-15,0.9341,0.93235,0.9359,0.9307,108.83K,0.20%
2020-05-14,0.9322,0.93425,0.9366,0.93125,117.86K,-0.21%
2020-05-13,0.9342,0.93365,0.9369,0.93215,121.86K,0.11%
2020-05-12,0.9332,0.92865,0.9335,0.92845,122.81K,0.50%
2020-05-11,0.9286,0.93775,0.93865,0.9278,,-0.94%
2020-05-08,0.9374,0.94085,0.94145,0.93675,,-0.35%
2020-05-07,0.9407,0.94245,0.9435,0.93745,,-0.13%
2020-05-06,0.9419,0.9385,0.9436,0.93775,,0.43%
2020-05-05,0.9379,0.93655,0.9397,0.93535,,0.13%
2020-05-04,0.9367,0.9361,0.9378,0.9339,,0.16%
2020-05-01,0.9352,0.93295,0.9381,0.931,,0.26%
2020-04-30,0.9328,0.93705,0.9398,0.93015,,-0.44%
2020-04-29,0.9369,0.93565,0.94025,0.93545,,0.15%
2020-04-28,0.9355,0.9326,0.9385,0.9315,,0.33%
2020-04-27,0.9324,0.93035,0.9347,0.92905,,0.26%
2020-04-24,0.93,0.9295,0.93135,0.92795,,0.08%
2020-04-23,0.9293,0.928,0.9316,0.92555,,0.15%
2020-04-22,0.9279,0.9275,0.93015,0.9264,,0.02%
2020-04-21,0.9277,0.92915,0.9322,0.9268,,-0.14%
2020-04-20,0.929,0.929,0.93035,0.92625,,-0.10%
2020-04-17,0.9299,0.9263,0.932,0.9252,,0.40%
2020-04-16,0.9262,0.93035,0.93315,0.92505,,-0.43%
2020-04-15,0.9302,0.9327,0.93525,0.9271,,-0.26%
2020-04-14,0.9326,0.92785,0.9348,0.9276,,0.53%
2020-04-13,0.9277,0.92135,0.9302,0.92135,,0.62%
2020-04-10,0.922,0.92135,0.92315,0.92075,,0.03%
2020-04-09,0.9217,0.9189,0.92415,0.91685,,0.32%
2020-04-08,0.9188,0.91985,0.92165,0.91655,,-0.08%
2020-04-07,0.9195,0.91545,0.92025,0.91505,,0.46%
2020-04-06,0.9153,0.9222,0.92295,0.91415,,-0.71%
2020-04-03,0.9218,0.92665,0.92765,0.92005,,-0.51%
2020-04-02,0.9265,0.9331,0.93445,0.925,,-0.69%
2020-04-01,0.9329,0.92985,0.93535,0.92635,,0.34%
2020-03-31,0.9297,0.92785,0.93065,0.91965,,0.26%
2020-03-30,0.9273,0.92685,0.93355,0.92325,,0.08%
2020-03-27,0.9266,0.91245,0.92805,0.91145,,1.57%
2020-03-26,0.9123,0.89925,0.9157,0.8983,,1.48%
2020-03-25,0.899,0.89915,0.90295,0.8953,,0.00%
2020-03-24,0.899,0.89915,0.90845,0.89505,,0.00%
2020-03-23,0.899,0.9006,0.91185,0.89595,,-0.37%
2020-03-20,0.9023,0.9032,0.91485,0.8967,,-0.09%
2020-03-19,0.9031,0.92535,0.9269,0.9012,,-2.39%
2020-03-18,0.9252,0.92865,0.93675,0.9202,,-0.36%
2020-03-17,0.9285,0.9446,0.9446,0.92705,,-1.69%
2020-03-16,0.9445,0.9265,0.95105,0.9265,,1.95%
2020-03-13,0.9264,0.9557,0.95695,0.9216,,-3.05%
2020-03-12,0.9555,0.95635,0.96995,0.94255,,-0.08%
2020-03-11,0.9563,0.94645,0.9606,0.9462,,1.05%
2020-03-10,0.9464,0.9768,0.98035,0.944,,-3.11%
2020-03-09,0.9768,0.95325,0.98825,0.95305,,2.89%
2020-03-06,0.9494,0.94195,0.9525,0.94025,,0.80%
2020-03-05,0.9419,0.9299,0.94365,0.9281,,1.30%
2020-03-04,0.9298,0.93345,0.9359,0.9286,,-0.38%
2020-03-03,0.9333,0.92325,0.9351,0.92125,,1.10%
2020-03-02,0.9231,0.93115,0.9347,0.921,,-0.22%
2020-02-28,0.9251,0.91245,0.9302,0.91165,,1.40%
2020-02-27,0.9123,0.9056,0.91265,0.90525,,0.74%
2020-02-26,0.9056,0.90745,0.908,0.90325,,-0.19%
2020-02-25,0.9073,0.9032,0.91005,0.9005,,0.48%
2020-02-24,0.903,0.8961,0.9064,0.89465,,0.77%
2020-02-21,0.8961,0.89195,0.89705,0.89135,,0.49%
2020-02-20,0.8917,0.8979,0.9,0.89105,,-0.68%
2020-02-19,0.8978,0.91015,0.91035,0.8961,,-1.34%
2020-02-18,0.91,0.91005,0.91195,0.9095,,0.00%
2020-02-17,0.91,0.91095,0.9114,0.9093,,-0.11%
2020-02-14,0.911,0.9106,0.9116,0.90985,,0.04%
2020-02-13,0.9106,0.9082,0.9123,0.9082,,0.25%
2020-02-12,0.9083,0.91085,0.911,0.9079,,-0.26%
2020-02-11,0.9107,0.91095,0.91135,0.90935,,-0.01%
2020-02-10,0.9108,0.91035,0.91275,0.9101,,-0.04%
2020-02-07,0.9112,0.90915,0.913,0.90885,,0.23%
2020-02-06,0.9091,0.91055,0.9114,0.90905,,-0.15%
2020-02-05,0.9105,0.91305,0.9149,0.9103,,-0.26%
2020-02-04,0.9129,0.9201,0.9212,0.9128,,-0.77%
2020-02-03,0.92,0.9224,0.92325,0.91905,,-0.26%
2020-01-31,0.9224,0.91775,0.92325,0.91625,,0.52%
2020-01-30,0.9176,0.9173,0.92095,0.91685,,0.03%
2020-01-29,0.9173,0.91625,0.91765,0.91515,,0.13%
2020-01-28,0.9161,0.9183,0.9195,0.9157,,-0.24%
2020-01-27,0.9183,0.917,0.9197,0.9162,,0.35%
2020-01-24,0.9151,0.9133,0.916,0.9119,,0.21%
2020-01-23,0.9132,0.9104,0.9152,0.91015,,0.32%
2020-01-22,0.9103,0.9102,0.9106,0.90825,,0.03%
2020-01-21,0.91,0.90755,0.9111,0.90725,,0.28%
2020-01-20,0.9075,0.9078,0.9088,0.90725,,-0.02%
2020-01-17,0.9077,0.908,0.9087,0.9067,,0.00%
2020-01-16,0.9077,0.90995,0.9103,0.9075,,-0.23%
2020-01-15,0.9098,0.9092,0.91085,0.9089,,0.08%
2020-01-14,0.9091,0.9096,0.9103,0.9073,,-0.04%
2020-01-13,0.9095,0.91335,0.9137,0.9095,,-0.42%
2020-01-10,0.9133,0.9131,0.9138,0.9116,,0.03%
2020-01-09,0.913,0.9163,0.91735,0.91255,,-0.35%
2020-01-08,0.9162,0.9224,0.929,0.9153,,-0.66%
2020-01-07,0.9223,0.92275,0.9237,0.9205,,-0.03%
2020-01-06,0.9226,0.9259,0.92795,0.9216,,-0.26%
2020-01-03,0.925,0.92105,0.9274,0.9205,,0.43%
2020-01-02,0.921,0.9195,0.9241,0.9185,,0.12%
2020-01-01,0.9199,0.9206,0.92075,0.9195,,-0.07%
2019-12-31,0.9205,0.91845,0.9219,0.91835,,0.23%
2019-12-30,0.9184,0.91345,0.91955,0.91315,,0.51%
2019-12-27,0.9137,0.91245,0.91415,0.9121,,0.19%
2019-12-26,0.912,0.91455,0.91475,0.91165,,-0.26%
2019-12-25,0.9144,0.91415,0.91505,0.9107,,0.03%
2019-12-24,0.9141,0.9141,0.9147,0.9137,,0.01%
2019-12-23,0.914,0.91405,0.9146,0.91285,,0.03%
2019-12-20,0.9137,0.91435,0.9153,0.913,,-0.05%
2019-12-19,0.9142,0.9128,0.9159,0.9117,,0.14%
2019-12-18,0.9129,0.9132,0.9141,0.9121,,-0.04%
2019-12-17,0.9133,0.91295,0.91375,0.91205,,0.02%
2019-12-16,0.9131,0.91425,0.91535,0.91175,,-0.12%
2019-12-13,0.9142,0.91485,0.91575,0.9115,,-0.05%
2019-12-12,0.9147,0.92115,0.92205,0.91365,,-0.69%
2019-12-11,0.9211,0.91975,0.92195,0.91865,,0.14%
2019-12-10,0.9198,0.92115,0.92155,0.9194,,-0.14%
2019-12-09,0.9211,0.9201,0.9223,0.9201,,0.05%
2019-12-06,0.9206,0.91945,0.9215,0.9181,,0.13%
2019-12-05,0.9194,0.91855,0.9204,0.9174,,0.11%
2019-12-04,0.9184,0.92055,0.9223,0.9177,,-0.22%
2019-12-03,0.9204,0.91775,0.9218,0.9157,,0.34%
2019-12-02,0.9173,0.91295,0.91805,0.9113,,0.46%
2019-11-29,0.9131,0.9131,0.9141,0.9118,,0.01%
2019-11-28,0.913,0.91285,0.91465,0.9126,,0.03%
2019-11-27,0.9127,0.91715,0.91735,0.9123,,-0.46%
2019-11-26,0.9169,0.91805,0.9185,0.9157,,-0.12%
2019-11-25,0.918,0.91995,0.9205,0.9176,,-0.24%
2019-11-22,0.9202,0.92045,0.9219,0.91965,,-0.01%
2019-11-21,0.9203,0.9207,0.9235,0.9199,,-0.03%
2019-11-20,0.9206,0.9213,0.92295,0.91955,,-0.05%
2019-11-19,0.9211,0.92015,0.9221,0.91865,,0.12%
2019-11-18,0.92,0.9189,0.9216,0.9168,,0.07%
2019-11-15,0.9194,0.92245,0.92275,0.9186,,-0.30%
2019-11-14,0.9222,0.9188,0.9239,0.9185,,0.37%
2019-11-13,0.9188,0.91745,0.9204,0.91615,,0.17%
2019-11-12,0.9172,0.9169,0.91805,0.9149,,0.04%
2019-11-11,0.9168,0.9158,0.9183,0.91525,,0.20%
2019-11-08,0.915,0.9151,0.9168,0.91335,,0.01%
2019-11-07,0.9149,0.91765,0.9204,0.9133,,-0.28%
2019-11-06,0.9175,0.91615,0.919,0.9158,,0.15%
2019-11-05,0.9161,0.92105,0.9212,0.9153,,-0.52%
2019-11-04,0.9209,0.92435,0.92445,0.92035,,-0.36%
2019-11-01,0.9242,0.92535,0.9269,0.9231,,-0.14%
2019-10-31,0.9255,0.9188,0.92655,0.91825,,0.75%
2019-10-30,0.9186,0.9184,0.91985,0.91495,,0.03%
2019-10-29,0.9183,0.9178,0.9194,0.9168,,0.07%
2019-10-28,0.9177,0.92025,0.92035,0.91705,,-0.26%
2019-10-25,0.9201,0.9206,0.9216,0.9193,,-0.05%
2019-10-24,0.9206,0.9201,0.9217,0.91945,,0.08%
2019-10-23,0.9199,0.92175,0.92385,0.9199,,-0.20%
2019-10-22,0.9217,0.9207,0.9222,0.91965,,0.12%
2019-10-21,0.9206,0.92185,0.9234,0.9202,,-0.17%
2019-10-18,0.9222,0.92025,0.92265,0.91965,,0.23%
2019-10-17,0.9201,0.9194,0.92195,0.9179,,0.10%
2019-10-16,0.9192,0.9186,0.9211,0.9185,,0.08%
2019-10-15,0.9185,0.92255,0.92465,0.9183,,-0.41%
2019-10-14,0.9223,0.92295,0.92565,0.9214,,0.00%
2019-10-11,0.9223,0.92605,0.92725,0.92065,,-0.40%
2019-10-10,0.926,0.93045,0.9343,0.92575,,-0.46%
2019-10-09,0.9303,0.93385,0.9352,0.9291,,-0.36%
2019-10-08,0.9337,0.932,0.9363,0.9307,,0.19%
2019-10-07,0.9319,0.93495,0.9384,0.93055,,-0.32%
2019-10-04,0.9349,0.93535,0.9377,0.9334,,-0.03%
2019-10-03,0.9352,0.933,0.93915,0.93195,,0.25%
2019-10-02,0.9329,0.9282,0.9342,0.9268,,0.54%
2019-10-01,0.9279,0.92525,0.92915,0.9219,,0.29%
2019-09-30,0.9252,0.92665,0.92815,0.92435,,-0.13%
2019-09-27,0.9264,0.9274,0.9289,0.9243,,-0.09%
2019-09-26,0.9272,0.92785,0.9309,0.92625,,-0.05%
2019-09-25,0.9277,0.934,0.93465,0.9269,,-0.66%
2019-09-24,0.9339,0.92975,0.9349,0.9277,,0.45%
2019-09-23,0.9297,0.93005,0.9319,0.92785,,0.02%
2019-09-20,0.9295,0.9258,0.93,0.92515,,0.41%
2019-09-19,0.9257,0.92205,0.92775,0.92185,,0.41%
2019-09-18,0.9219,0.92485,0.92525,0.9218,,-0.29%
2019-09-17,0.9246,0.92495,0.92575,0.9227,,0.00%
2019-09-16,0.9246,0.9289,0.93045,0.9245,,-0.05%
2019-09-13,0.9251,0.9251,0.92665,0.9236,,0.02%
2019-09-12,0.9249,0.92735,0.9301,0.9243,,-0.26%
2019-09-11,0.9273,0.92985,0.9302,0.9271,,-0.26%
2019-09-10,0.9297,0.93245,0.933,0.92945,,-0.28%
2019-09-09,0.9323,0.9362,0.93665,0.9322,,-0.31%
2019-09-06,0.9352,0.93525,0.93785,0.93365,,0.03%
2019-09-05,0.9349,0.94015,0.94055,0.9326,,-0.52%
2019-09-04,0.9398,0.94395,0.9449,0.93945,,-0.42%
2019-09-03,0.9438,0.94145,0.94575,0.9399,,0.25%
2019-09-02,0.9414,0.94125,0.944,0.9397,,0.09%
2019-08-30,0.9406,0.93895,0.94245,0.9385,,0.20%
2019-08-29,0.9387,0.9423,0.9449,0.93735,,-0.37%
2019-08-28,0.9422,0.94565,0.9465,0.94135,,-0.36%
2019-08-27,0.9456,0.94205,0.94705,0.94185,,0.37%
2019-08-26,0.9421,0.95115,0.95735,0.9398,,-0.69%
2019-08-23,0.9486,0.93955,0.95005,0.9368,,0.98%
2019-08-22,0.9394,0.93785,0.9412,0.9376,,0.18%
2019-08-21,0.9377,0.9414,0.94145,0.93765,,-0.38%
2019-08-20,0.9413,0.93775,0.94185,0.93725,,0.39%
2019-08-19,0.9376,0.94045,0.9413,0.93715,,-0.24%
2019-08-16,0.9399,0.9423,0.94315,0.939,,-0.24%
2019-08-15,0.9422,0.94415,0.9461,0.93645,,-0.20%
2019-08-14,0.9441,0.9369,0.94645,0.9365,,0.79%
2019-08-13,0.9367,0.94965,0.9518,0.93475,,-1.35%
2019-08-12,0.9495,0.94715,0.95195,0.94605,,0.35%
2019-08-09,0.9462,0.94275,0.95,0.94235,,0.38%
2019-08-08,0.9426,0.94095,0.94435,0.9407,,0.19%
2019-08-07,0.9408,0.9393,0.9479,0.9391,,0.19%
2019-08-06,0.939,0.9439,0.9477,0.93385,,-0.50%
2019-08-05,0.9437,0.93825,0.9453,0.93735,,0.61%
2019-08-02,0.938,0.93155,0.93895,0.9296,,0.71%
2019-08-01,0.9314,0.91915,0.9323,0.91475,,1.31%
2019-07-31,0.9194,0.9207,0.92175,0.9174,,-0.13%
2019-07-30,0.9206,0.91925,0.9221,0.91785,,0.16%
2019-07-29,0.9191,0.92,0.92235,0.91825,,-0.10%
2019-07-26,0.92,0.9205,0.92115,0.9188,,-0.04%
2019-07-25,0.9204,0.92435,0.92565,0.91945,,-0.41%
2019-07-24,0.9242,0.924,0.9265,0.9235,,0.04%
2019-07-23,0.9238,0.92725,0.92745,0.92345,,-0.33%
2019-07-22,0.9269,0.92775,0.9285,0.9253,,-0.14%
2019-07-19,0.9282,0.932,0.9327,0.92615,,-0.40%
2019-07-18,0.9319,0.9264,0.93275,0.9257,,0.59%
2019-07-17,0.9264,0.92385,0.92645,0.92305,,0.29%
2019-07-16,0.9237,0.92665,0.9275,0.9227,,-0.30%
2019-07-15,0.9265,0.927,0.9277,0.92495,,-0.01%
2019-07-12,0.9266,0.9217,0.9277,0.9207,,0.54%
2019-07-11,0.9216,0.92195,0.9271,0.92135,,-0.03%
2019-07-10,0.9219,0.91865,0.92295,0.91745,,0.37%
2019-07-09,0.9185,0.91975,0.92015,0.91765,,-0.12%
2019-07-08,0.9196,0.92215,0.9235,0.919,,-0.24%
2019-07-05,0.9218,0.92755,0.9278,0.9205,,-0.60%
2019-07-04,0.9274,0.9277,0.92845,0.9272,,0.01%
2019-07-03,0.9273,0.92685,0.93,0.92655,,0.06%
2019-07-02,0.9267,0.9222,0.928,0.9218,,0.51%
2019-07-01,0.922,0.92505,0.9251,0.92125,,-0.51%
2019-06-28,0.9267,0.9277,0.9297,0.9264,,-0.10%
2019-06-27,0.9276,0.9277,0.929,0.9245,,0.00%
2019-06-26,0.9276,0.93295,0.93375,0.92715,,-0.56%
2019-06-25,0.9328,0.93205,0.9365,0.93095,,0.10%
2019-06-24,0.9319,0.93115,0.93245,0.9299,,0.02%
2019-06-21,0.9317,0.93185,0.93415,0.9281,,-0.01%
2019-06-20,0.9318,0.92505,0.9327,0.9247,,0.75%
2019-06-19,0.9249,0.92205,0.9268,0.92065,,0.33%
2019-06-18,0.9219,0.92115,0.9254,0.9201,,0.09%
2019-06-17,0.9211,0.9224,0.9224,0.91965,,0.01%
2019-06-14,0.921,0.9227,0.9246,0.9209,,-0.16%
2019-06-13,0.9225,0.92165,0.92455,0.9213,,0.11%
2019-06-12,0.9215,0.9215,0.9241,0.92095,,0.02%
2019-06-11,0.9213,0.92215,0.9229,0.91905,,-0.08%
2019-06-10,0.922,0.9212,0.92315,0.91975,,-0.23%
2019-06-07,0.9241,0.9224,0.92695,0.92065,,0.20%
2019-06-06,0.9223,0.92195,0.92575,0.921,,0.05%
2019-06-05,0.9218,0.9247,0.92755,0.9217,,-0.30%
2019-06-04,0.9246,0.92525,0.9273,0.9228,,-0.06%
2019-06-03,0.9252,0.9227,0.92695,0.92205,,0.19%
2019-05-31,0.9234,0.9122,0.9236,0.91205,,1.23%
2019-05-30,0.9122,0.91245,0.91345,0.90965,,-0.02%
2019-05-29,0.9124,0.9143,0.9162,0.91155,,-0.20%
2019-05-28,0.9142,0.9132,0.9157,0.9121,,0.13%
2019-05-27,0.913,0.9148,0.9151,0.91245,,-0.19%
2019-05-24,0.9147,0.91235,0.91515,0.91115,,0.27%
2019-05-23,0.9122,0.90615,0.91365,0.906,,0.68%
2019-05-22,0.906,0.90505,0.9071,0.9039,,0.13%
2019-05-21,0.9048,0.90855,0.90895,0.90345,,-0.40%
2019-05-20,0.9084,0.90805,0.9107,0.9064,,0.01%
2019-05-17,0.9083,0.9103,0.9133,0.90755,,-0.21%
2019-05-16,0.9102,0.91235,0.91465,0.9093,,-0.23%
2019-05-15,0.9123,0.9123,0.9162,0.91145,,0.01%
2019-05-14,0.9122,0.91495,0.91625,0.91085,,-0.28%
2019-05-13,0.9148,0.91105,0.91725,0.91025,,0.58%
2019-05-10,0.9095,0.9111,0.9135,0.90865,,-0.13%
2019-05-09,0.9107,0.90825,0.91355,0.908,,0.28%
2019-05-08,0.9082,0.907,0.9099,0.9065,,0.14%
2019-05-07,0.9069,0.90275,0.90775,0.902,,0.48%
2019-05-06,0.9026,0.90405,0.9068,0.9012,,0.30%
2019-05-03,0.8999,0.89675,0.9004,0.8954,,0.37%
2019-05-02,0.8966,0.8978,0.89805,0.89545,,-0.12%
2019-05-01,0.8977,0.89745,0.90055,0.89585,,0.04%
2019-04-30,0.8973,0.8956,0.89905,0.8952,,0.19%
2019-04-29,0.8956,0.8961,0.89665,0.8936,,-0.04%
2019-04-26,0.896,0.8958,0.89745,0.89265,,0.03%
2019-04-25,0.8957,0.8914,0.8978,0.8909,,0.49%
2019-04-24,0.8913,0.894,0.8954,0.8896,,-0.28%
2019-04-23,0.8938,0.8933,0.89565,0.8925,,0.06%
2019-04-22,0.8933,0.89345,0.89405,0.89285,,-0.01%
2019-04-19,0.8934,0.89305,0.8938,0.89275,,0.06%
2019-04-18,0.8929,0.8924,0.89475,0.8922,,0.08%
2019-04-17,0.8922,0.89275,0.8935,0.89145,,-0.06%
2019-04-16,0.8927,0.89255,0.8941,0.89235,,0.02%
2019-04-15,0.8925,0.89285,0.8938,0.892,,-0.01%
2019-04-12,0.8926,0.89555,0.8962,0.892,,-0.31%
2019-04-11,0.8954,0.90075,0.9017,0.8952,,-0.59%
2019-04-10,0.9007,0.8998,0.9022,0.8986,,0.12%
2019-04-09,0.8996,0.897,0.9011,0.8962,,0.30%
2019-04-08,0.8969,0.89515,0.89865,0.8945,,0.22%
2019-04-05,0.8949,0.8956,0.89615,0.89425,,-0.06%
2019-04-04,0.8954,0.897,0.8982,0.89535,,-0.17%
2019-04-03,0.8969,0.89825,0.8993,0.8962,,-0.13%
2019-04-02,0.8981,0.8981,0.8989,0.89715,,0.02%
2019-04-01,0.8979,0.9025,0.9025,0.89725,,-0.45%
2019-03-29,0.902,0.9039,0.9047,0.90125,,-0.20%
2019-03-28,0.9038,0.90485,0.9089,0.90225,,-0.10%
2019-03-27,0.9047,0.90385,0.9072,0.9032,,0.10%
2019-03-26,0.9038,0.9093,0.90965,0.9034,,-0.60%
2019-03-25,0.9093,0.9103,0.9115,0.90705,,-0.03%
2019-03-22,0.9096,0.9024,0.91125,0.9017,,0.81%
2019-03-21,0.9023,0.9032,0.9067,0.9012,,-0.11%
2019-03-20,0.9033,0.8977,0.9047,0.89525,,0.62%
2019-03-19,0.8977,0.8974,0.8997,0.897,,0.03%
2019-03-18,0.8974,0.89715,0.89855,0.8958,,0.04%
2019-03-15,0.897,0.8952,0.8978,0.8936,,0.22%
2019-03-14,0.895,0.89965,0.8998,0.8941,,-0.49%
2019-03-13,0.8994,0.898,0.9009,0.89705,,0.18%
2019-03-12,0.8978,0.89925,0.9001,0.89705,,-0.13%
2019-03-11,0.899,0.89985,0.90195,0.8984,,-0.04%
2019-03-08,0.8994,0.89625,0.90265,0.8956,,0.38%
2019-03-07,0.896,0.89475,0.897,0.89395,,0.16%
2019-03-06,0.8946,0.8938,0.896,0.8934,,0.10%
2019-03-05,0.8937,0.895,0.89515,0.89175,,-0.13%
2019-03-04,0.8949,0.8947,0.89575,0.8927,,0.17%
2019-03-01,0.8934,0.8977,0.8983,0.8922,,-0.48%
2019-02-28,0.8977,0.90095,0.90375,0.8968,,-0.34%
2019-02-27,0.9008,0.9043,0.9062,0.9002,,-0.38%
2019-02-26,0.9042,0.9004,0.90565,0.9001,,0.43%
2019-02-25,0.9003,0.90355,0.90435,0.8989,,-0.33%
2019-02-22,0.9033,0.9033,0.9045,0.9016,,0.01%
2019-02-21,0.9032,0.90205,0.9044,0.9018,,0.13%
2019-02-20,0.902,0.9039,0.90475,0.90125,,-0.20%
2019-02-19,0.9038,0.904,0.9054,0.9023,,0.00%
2019-02-18,0.9038,0.9055,0.9059,0.9036,,-0.15%
2019-02-15,0.9052,0.90515,0.907,0.9037,,0.01%
2019-02-14,0.9051,0.90085,0.90535,0.8998,,0.49%
2019-02-13,0.9007,0.90505,0.9056,0.9004,,-0.49%
2019-02-12,0.9051,0.906,0.9063,0.9037,,-0.09%
2019-02-11,0.9059,0.9105,0.9117,0.9052,,-0.58%
2019-02-08,0.9112,0.9106,0.91205,0.9099,,0.08%
2019-02-07,0.9105,0.9093,0.9124,0.9083,,0.13%
2019-02-06,0.9093,0.90935,0.9128,0.9086,,0.00%
2019-02-05,0.9093,0.90995,0.9109,0.90865,,-0.07%
2019-02-04,0.9099,0.9132,0.9138,0.90775,,-0.36%
2019-02-01,0.9132,0.91845,0.9198,0.9125,,-0.56%
2019-01-31,0.9183,0.91705,0.9217,0.9167,,0.14%
2019-01-30,0.917,0.9141,0.919,0.91115,,0.33%
2019-01-29,0.914,0.91445,0.91635,0.91285,,-0.04%
2019-01-28,0.9144,0.9131,0.91615,0.9124,,0.19%
2019-01-25,0.9127,0.91205,0.9136,0.9094,,0.09%
2019-01-24,0.9119,0.91255,0.9139,0.9107,,-0.04%
2019-01-23,0.9123,0.9143,0.91475,0.90905,,-0.21%
2019-01-22,0.9142,0.9119,0.91625,0.91155,,0.27%
2019-01-21,0.9117,0.91115,0.9135,0.91095,,0.10%
2019-01-18,0.9108,0.9152,0.917,0.90995,,-0.49%
2019-01-17,0.9153,0.91665,0.9201,0.91405,,-0.13%
2019-01-16,0.9165,0.9201,0.92275,0.9157,,-0.39%
2019-01-15,0.9201,0.9245,0.92475,0.91935,,-0.48%
2019-01-14,0.9245,0.9219,0.9261,0.92105,,0.37%
2019-01-11,0.9211,0.9222,0.9247,0.9208,,-0.13%
2019-01-10,0.9223,0.92445,0.92795,0.9215,,-0.23%
2019-01-09,0.9244,0.9196,0.92625,0.9174,,0.53%
2019-01-08,0.9195,0.91975,0.9222,0.9167,,-0.02%
2019-01-07,0.9197,0.92125,0.9257,0.9195,,-0.17%
2019-01-04,0.9213,0.92875,0.93015,0.92085,,-0.80%
2019-01-03,0.9287,0.9184,0.9526,0.91805,,1.12%
2019-01-02,0.9184,0.9118,0.9199,0.9113,,0.78%
2019-01-01,0.9113,0.9126,0.9126,0.91075,,-0.13%
2018-12-31,0.9125,0.9055,0.91285,0.90515,,0.64%
2018-12-28,0.9067,0.9011,0.90795,0.90045,,0.67%
2018-12-27,0.9007,0.89795,0.9054,0.8977,,0.32%
2018-12-26,0.8978,0.9066,0.908,0.8975,,-0.97%
2018-12-25,0.9066,0.90535,0.90915,0.90525,,0.15%
2018-12-24,0.9052,0.90135,0.90695,0.8993,,0.69%
2018-12-21,0.899,0.8986,0.9015,0.8971,,0.04%
2018-12-20,0.8986,0.88905,0.90245,0.888,,1.08%
2018-12-19,0.889,0.8887,0.89215,0.8876,,0.05%
2018-12-18,0.8886,0.88625,0.8909,0.886,,0.28%
2018-12-17,0.8861,0.88245,0.88745,0.8808,,0.49%
2018-12-14,0.8818,0.87995,0.8833,0.87955,,0.22%
2018-12-13,0.8799,0.8827,0.8834,0.8794,,-0.31%
2018-12-12,0.8826,0.88195,0.88385,0.88085,,0.08%
2018-12-11,0.8819,0.88235,0.88495,0.88125,,-0.02%
2018-12-10,0.8821,0.8873,0.89095,0.882,,-0.54%
2018-12-07,0.8869,0.8876,0.88855,0.88545,,-0.06%
2018-12-06,0.8874,0.8834,0.89105,0.88325,,0.45%
2018-12-05,0.8834,0.88675,0.88775,0.88295,,-0.35%
2018-12-04,0.8865,0.87985,0.88835,0.8797,,0.77%
2018-12-03,0.8797,0.88125,0.88205,0.8782,,-0.16%
2018-11-30,0.8811,0.8812,0.8824,0.87945,,0.00%
2018-11-29,0.8811,0.87965,0.88345,0.8796,,0.17%
2018-11-28,0.8796,0.87885,0.8815,0.8769,,0.09%
2018-11-27,0.8788,0.8804,0.88175,0.87835,,-0.17%
2018-11-26,0.8803,0.88535,0.886,0.87985,,-0.56%
2018-11-23,0.8853,0.8854,0.8877,0.8848,,0.01%
2018-11-22,0.8852,0.88445,0.88595,0.88385,,0.09%
2018-11-21,0.8844,0.88675,0.88785,0.88375,,-0.26%
2018-11-20,0.8867,0.88845,0.8905,0.8862,,-0.18%
2018-11-19,0.8883,0.88625,0.8895,0.8859,,0.25%
2018-11-16,0.8861,0.8799,0.8878,0.87985,,0.70%
2018-11-15,0.8799,0.8801,0.8842,0.87945,,-0.01%
2018-11-14,0.88,0.87865,0.88265,0.8771,,0.16%
2018-11-13,0.8786,0.87845,0.8805,0.876,,0.03%
2018-11-12,0.8783,0.8785,0.8798,0.8756,,-0.01%
2018-11-09,0.8784,0.8767,0.87995,0.8765,,0.19%
2018-11-08,0.8767,0.8809,0.88125,0.87645,,-0.45%
2018-11-07,0.8807,0.8816,0.88545,0.87855,,-0.08%
2018-11-06,0.8814,0.88345,0.8842,0.881,,-0.22%
2018-11-05,0.8833,0.88355,0.88445,0.8823,,0.01%
2018-11-02,0.8832,0.8872,0.8884,0.8824,,-0.45%
2018-11-01,0.8872,0.8854,0.8881,0.8849,,0.21%
2018-10-31,0.8853,0.8839,0.8865,0.88185,,0.14%
2018-10-30,0.8841,0.8899,0.89055,0.8842,,-0.64%
2018-10-29,0.8898,0.89355,0.89465,0.8884,,-0.41%
2018-10-26,0.8935,0.88975,0.89785,0.88925,,0.46%
2018-10-25,0.8894,0.8908,0.8943,0.88745,,-0.15%
2018-10-24,0.8907,0.8893,0.89215,0.8869,,0.16%
2018-10-23,0.8893,0.8863,0.89325,0.8861,,0.36%
2018-10-22,0.8861,0.88895,0.8901,0.88575,,-0.26%
2018-10-19,0.8884,0.8912,0.89185,0.88765,,-0.31%
2018-10-18,0.8912,0.88775,0.8932,0.887,,0.41%
2018-10-17,0.8876,0.89085,0.89285,0.8874,,-0.36%
2018-10-16,0.8908,0.89465,0.89505,0.89015,,-0.41%
2018-10-15,0.8945,0.89205,0.8959,0.89075,,0.38%
2018-10-12,0.8911,0.89155,0.8938,0.88885,,-0.04%
2018-10-11,0.8915,0.8907,0.89415,0.8885,,0.10%
2018-10-10,0.8906,0.88525,0.8909,0.8827,,0.61%
2018-10-09,0.8852,0.88315,0.88605,0.88185,,0.24%
2018-10-08,0.8831,0.8795,0.88635,0.87755,,0.44%
2018-10-05,0.8792,0.87785,0.88065,0.8764,,0.17%
2018-10-04,0.8777,0.8731,0.88005,0.87295,,0.53%
2018-10-03,0.8731,0.87985,0.8809,0.87295,,-0.75%
2018-10-02,0.8797,0.8778,0.8809,0.877,,0.23%
2018-10-01,0.8777,0.87955,0.8798,0.87665,,-0.19%
2018-09-28,0.8794,0.882,0.88255,0.8794,,-0.28%
2018-09-27,0.8819,0.88695,0.8885,0.88125,,-0.57%
2018-09-26,0.887,0.88515,0.8879,0.88375,,0.21%
2018-09-25,0.8851,0.8865,0.88705,0.8851,,-0.15%
2018-09-24,0.8864,0.88835,0.8907,0.8862,,-0.20%
2018-09-21,0.8882,0.889,0.88955,0.8859,,-0.07%
2018-09-20,0.8888,0.8906,0.89265,0.88815,,-0.19%
2018-09-19,0.8905,0.88995,0.8916,0.88925,,0.08%
2018-09-18,0.8898,0.894,0.8956,0.88965,,-0.47%
2018-09-17,0.894,0.8932,0.8948,0.8918,,0.19%
2018-09-14,0.8923,0.89345,0.89485,0.89145,,-0.12%
2018-09-13,0.8934,0.89875,0.89965,0.8928,,-0.58%
2018-09-12,0.8986,0.8958,0.89995,0.89565,,0.32%
2018-09-11,0.8957,0.8999,0.90045,0.89565,,-0.46%
2018-09-10,0.8998,0.90115,0.9021,0.89885,,-0.03%
2018-09-07,0.9001,0.9029,0.90595,0.8988,,-0.30%
2018-09-06,0.9028,0.89665,0.9048,0.89655,,0.70%
2018-09-05,0.8965,0.8972,0.89785,0.89475,,-0.07%
2018-09-04,0.8971,0.9004,0.9017,0.8965,,-0.34%
2018-09-03,0.9002,0.9002,0.9021,0.8993,,-0.01%
2018-08-31,0.9003,0.901,0.90355,0.8997,,-0.07%
2018-08-30,0.9009,0.8954,0.90135,0.8948,,0.63%
2018-08-29,0.8953,0.89935,0.9,0.8942,,-0.43%
2018-08-28,0.8992,0.9002,0.9013,0.89795,,-0.11%
2018-08-27,0.9002,0.8989,0.9015,0.8979,,0.14%
2018-08-24,0.8989,0.8986,0.9001,0.89695,,0.04%
2018-08-23,0.8985,0.90455,0.9049,0.8983,,-0.66%
2018-08-22,0.9045,0.90665,0.9089,0.904,,-0.23%
2018-08-21,0.9066,0.9085,0.911,0.90455,,-0.21%
2018-08-20,0.9085,0.9048,0.90895,0.9034,,0.39%
2018-08-17,0.90495,0.9018,0.9066,0.90045,,0.35%
2018-08-16,0.90175,0.903,0.9053,0.8999,,-0.14%
2018-08-15,0.903,0.8997,0.9057,0.89735,,0.37%
2018-08-14,0.89965,0.9034,0.90425,0.8983,,-0.38%
2018-08-13,0.9031,0.9014,0.9082,0.90135,,0.19%
2018-08-10,0.9014,0.9002,0.90495,0.8995,,0.13%
2018-08-09,0.9002,0.901,0.90335,0.8993,,-0.09%
2018-08-08,0.901,0.8978,0.9023,0.89725,,0.36%
2018-08-07,0.8978,0.8976,0.901,0.897,,0.02%
2018-08-06,0.89765,0.8993,0.8997,0.8966,,-0.12%
2018-08-03,0.89875,0.8956,0.9002,0.89425,,0.35%
2018-08-02,0.89565,0.8951,0.89825,0.8948,,0.07%
2018-08-01,0.89505,0.89385,0.89775,0.8916,,0.13%
2018-07-31,0.89385,0.9005,0.90275,0.89315,,-0.72%
2018-07-30,0.90035,0.9006,0.9018,0.8995,,-0.02%
2018-07-27,0.90055,0.8991,0.9026,0.89885,,0.17%
2018-07-26,0.89905,0.9011,0.90425,0.89885,,-0.23%
2018-07-25,0.9011,0.89925,0.9037,0.89775,,0.20%
2018-07-24,0.8993,0.89805,0.9012,0.8967,,0.13%
2018-07-23,0.8981,0.8968,0.90295,0.8964,,0.06%
2018-07-20,0.89755,0.8892,0.8978,0.8879,,0.94%
2018-07-19,0.88915,0.88615,0.8923,0.8836,,0.36%
2018-07-18,0.88595,0.88595,0.88725,0.88375,,0.01%
2018-07-17,0.88585,0.8906,0.8911,0.88545,,-0.52%
2018-07-16,0.8905,0.89005,0.8913,0.8884,,0.07%
2018-07-13,0.8899,0.8884,0.8907,0.8865,,0.17%
2018-07-12,0.8884,0.89275,0.89355,0.88785,,-0.49%
2018-07-11,0.89275,0.9009,0.90285,0.8914,,-0.91%
2018-07-10,0.90095,0.9021,0.90255,0.89795,,-0.13%
2018-07-09,0.9021,0.90495,0.90655,0.90165,,-0.35%
2018-07-06,0.9053,0.90395,0.90605,0.9026,,0.15%
2018-07-05,0.90395,0.9052,0.9067,0.90315,,-0.14%
2018-07-04,0.9052,0.9042,0.9068,0.90385,,0.11%
2018-07-03,0.9042,0.9017,0.905,0.89975,,0.27%
2018-07-02,0.90175,0.9033,0.905,0.90035,,-0.19%
2018-06-29,0.9035,0.9051,0.906,0.90135,,-0.17%
2018-06-28,0.905,0.907,0.9094,0.90375,,-0.22%
2018-06-27,0.90695,0.90855,0.91175,0.90495,,-0.18%
2018-06-26,0.90855,0.911,0.91435,0.90725,,-0.26%
2018-06-25,0.91095,0.90985,0.91435,0.90875,,0.18%
2018-06-22,0.90935,0.9091,0.9108,0.90725,,0.02%
2018-06-21,0.90915,0.9061,0.9105,0.90285,,0.33%
2018-06-20,0.90615,0.90855,0.9103,0.90535,,-0.28%
2018-06-19,0.90865,0.90455,0.91285,0.9043,,0.45%
2018-06-18,0.90455,0.90355,0.9066,0.90295,,0.11%
2018-06-15,0.90355,0.90395,0.90595,0.9016,,-0.04%
2018-06-14,0.9039,0.90635,0.9099,0.9033,,-0.26%
2018-06-13,0.9063,0.906,0.907,0.9021,,0.03%
2018-06-12,0.906,0.9088,0.9092,0.905,,-0.31%
2018-06-11,0.9088,0.91345,0.91565,0.9081,,-0.44%
2018-06-08,0.91285,0.91155,0.9159,0.91025,,0.14%
2018-06-07,0.91155,0.90765,0.91335,0.90725,,0.44%
2018-06-06,0.90755,0.9108,0.9109,0.90685,,-0.36%
2018-06-05,0.9108,0.91065,0.9135,0.90895,,0.02%
2018-06-04,0.9106,0.9132,0.9143,0.91025,,-0.25%
2018-06-01,0.91285,0.919,0.91985,0.9112,,-0.66%
2018-05-31,0.91895,0.91825,0.92265,0.91735,,0.08%
2018-05-30,0.91825,0.9194,0.92295,0.9167,,-0.13%
2018-05-29,0.9194,0.9139,0.925,0.91345,,0.60%
2018-05-28,0.9139,0.9127,0.9155,0.9104,,-0.02%
2018-05-25,0.9141,0.9153,0.91645,0.91115,,-0.13%
2018-05-24,0.9153,0.9084,0.91785,0.9081,,0.76%
2018-05-23,0.9084,0.9017,0.91285,0.90145,,0.74%
2018-05-22,0.90175,0.9005,0.9026,0.8993,,0.14%
2018-05-21,0.90045,0.90315,0.90315,0.89765,,-0.27%
2018-05-18,0.9029,0.9028,0.90415,0.9002,,0.02%
2018-05-17,0.90275,0.90585,0.9085,0.90195,,-0.35%
2018-05-16,0.9059,0.90625,0.9089,0.9057,,-0.03%
2018-05-15,0.9062,0.91195,0.912,0.9053,,-0.63%
2018-05-14,0.9119,0.9141,0.9157,0.9118,,-0.24%
2018-05-11,0.9141,0.91405,0.9162,0.91265,,0.00%
2018-05-10,0.9141,0.9112,0.91485,0.90885,,0.32%
2018-05-09,0.9112,0.9164,0.91755,0.91035,,-0.57%
2018-05-08,0.9164,0.91665,0.9189,0.9144,,-0.03%
2018-05-07,0.91665,0.9164,0.91955,0.9141,,0.03%
2018-05-04,0.9164,0.91575,0.92045,0.91505,,0.07%
2018-05-03,0.9158,0.91045,0.91805,0.91005,,0.60%
2018-05-02,0.91035,0.91025,0.91255,0.90875,,0.02%
2018-05-01,0.9102,0.91455,0.91545,0.90995,,-0.49%
2018-04-30,0.91465,0.9173,0.9173,0.9136,,-0.26%
2018-04-27,0.91705,0.91485,0.91785,0.9129,,0.24%
2018-04-26,0.91485,0.9139,0.91695,0.9134,,0.11%
2018-04-25,0.91385,0.919,0.9192,0.9136,,-0.55%
2018-04-24,0.91895,0.9199,0.9213,0.91565,,-0.10%
2018-04-23,0.9199,0.92905,0.92905,0.91945,,-0.96%
2018-04-20,0.9288,0.9313,0.9315,0.92705,,-0.27%
2018-04-19,0.9313,0.93255,0.9331,0.92995,,-0.13%
2018-04-18,0.93255,0.93455,0.93465,0.9311,,-0.21%
2018-04-17,0.93455,0.93355,0.9357,0.93265,,0.11%
2018-04-16,0.9335,0.9313,0.93435,0.92915,,0.21%
2018-04-13,0.93155,0.93165,0.9329,0.92775,,-0.01%
2018-04-12,0.93165,0.9364,0.93725,0.93085,,-0.50%
2018-04-11,0.93635,0.9328,0.93775,0.93235,,0.38%
2018-04-10,0.9328,0.93665,0.938,0.93105,,-0.41%
2018-04-09,0.93665,0.93525,0.938,0.93275,,0.16%
2018-04-06,0.9352,0.93125,0.9366,0.93055,,0.42%
2018-04-05,0.9313,0.93655,0.9371,0.9302,,-0.56%
2018-04-04,0.9365,0.938,0.94355,0.9359,,-0.17%
2018-04-03,0.93805,0.94435,0.9462,0.93755,,-0.67%
2018-04-02,0.94435,0.94115,0.94645,0.93935,,0.36%
2018-03-30,0.94095,0.93965,0.9424,0.93855,,0.14%
2018-03-29,0.9396,0.93585,0.94115,0.93515,,0.40%
2018-03-28,0.93585,0.94925,0.9495,0.9344,,-1.41%
2018-03-27,0.94925,0.94875,0.9495,0.9442,,0.06%
2018-03-26,0.9487,0.9548,0.9564,0.94795,,-0.63%
2018-03-23,0.95475,0.9499,0.95565,0.9491,,0.52%
2018-03-22,0.94985,0.94295,0.9501,0.9425,,0.74%
2018-03-21,0.9429,0.9387,0.9445,0.9377,,0.45%
2018-03-20,0.93865,0.9426,0.9441,0.938,,-0.41%
2018-03-19,0.94255,0.9438,0.94635,0.9406,,-0.11%
2018-03-16,0.9436,0.94035,0.947,0.9399,,0.35%
2018-03-15,0.94035,0.9405,0.94535,0.93965,,-0.02%
2018-03-14,0.94055,0.9383,0.9429,0.93675,,0.24%
2018-03-13,0.9383,0.93975,0.94125,0.93195,,-0.15%
2018-03-12,0.9397,0.9362,0.9406,0.93475,,0.35%
2018-03-09,0.9364,0.9413,0.942,0.9341,,-0.55%
2018-03-08,0.94155,0.94275,0.94445,0.94055,,-0.13%
2018-03-07,0.94275,0.9423,0.9483,0.9414,,0.05%
2018-03-06,0.9423,0.94155,0.94475,0.9392,,0.08%
2018-03-05,0.94155,0.94615,0.9492,0.9413,,-0.43%
2018-03-02,0.9456,0.9414,0.95015,0.9407,,0.46%
2018-03-01,0.9413,0.93745,0.942,0.9328,,0.41%
2018-02-28,0.93745,0.93165,0.9385,0.92995,,0.62%
2018-02-27,0.93165,0.93515,0.93655,0.92865,,-0.37%
2018-02-26,0.9351,0.93495,0.9401,0.932,,-0.05%
2018-02-23,0.93555,0.93675,0.93895,0.93335,,-0.13%
2018-02-22,0.93675,0.92785,0.9382,0.9276,,0.96%
2018-02-21,0.92785,0.93175,0.93225,0.92665,,-0.41%
2018-02-20,0.93165,0.9381,0.93845,0.9313,,-0.69%
2018-02-19,0.9381,0.94045,0.9426,0.93695,,-0.27%
2018-02-16,0.9406,0.9422,0.9475,0.93985,,-0.18%
2018-02-15,0.9423,0.93455,0.94315,0.93425,,0.84%
